ds,yhat,type
2021-01-01,4424.852752796722,Actual
2021-01-02,5230.690919076538,Actual
2021-01-03,5241.424051456592,Actual
2021-01-04,4519.284561724545,Actual
2021-01-05,4546.025372054441,Actual
2021-01-06,4597.676982613537,Actual
2021-01-07,4575.481291836964,Actual
2021-01-08,4579.058742886683,Actual
2021-01-09,5361.899024102979,Actual
2021-01-10,5351.372084319754,Actual
2021-01-11,4609.949546869207,Actual
2021-01-12,4619.49305930413,Actual
2021-01-13,4656.01563001931,Actual
2021-01-14,4620.62405100063,Actual
2021-01-15,4612.6986323637975,Actual
2021-01-16,5385.400009380463,Actual
2021-01-17,5365.699211425493,Actual
2021-01-18,4615.620418513978,Actual
2021-01-19,4616.552217844563,Actual
2021-01-20,4644.032642485523,Actual
2021-01-21,4598.71530112288,Actual
2021-01-22,4579.572036750756,Actual
2021-01-23,5339.421113324361,Actual
2021-01-24,5304.976406871682,Actual
2021-01-25,4538.106383960798,Actual
2021-01-26,4520.158126112525,Actual
2021-01-27,4526.751234235353,Actual
2021-01-28,4458.748592766344,Actual
2021-01-29,4415.4592309090485,Actual
2021-01-30,5150.162214340375,Actual
2021-01-31,5090.147115138607,Actual
2021-02-01,4297.960049148072,Actual
2021-02-02,4255.7108749483505,Actual
2021-02-03,4239.84684384734,Actual
2021-02-04,4152.100242601611,Actual
2021-02-05,4092.665918980444,Actual
2021-02-06,4815.698348141175,Actual
2021-02-07,4749.32456340707,Actual
2021-02-08,3956.862745236842,Actual
2021-02-09,3921.1028732285167,Actual
2021-02-10,3919.0555233896193,Actual
2021-02-11,3852.877105290083,Actual
2021-02-12,3823.028119988079,Actual
2021-02-13,4583.75470573624,Actual
2021-02-14,4563.090304662756,Actual
2021-02-15,3824.067639605114,Actual
2021-02-16,3848.9976754935933,Actual
2021-02-17,3914.221783273848,Actual
2021-02-18,3921.0453985654804,Actual
2021-02-19,3968.909614950504,Actual
2021-02-20,4810.890702832657,Actual
2021-02-21,4873.723983017201,Actual
2021-02-22,4219.041723046109,Actual
2021-02-23,4327.681106307697,Actual
2021-02-24,4474.467781294211,Actual
2021-02-25,4559.1825053339335,Actual
2021-02-26,4679.7664987823455,Actual
2021-02-27,5587.854652699371,Actual
2021-02-28,5708.83217020906,Actual
2021-03-01,5103.103482474041,Actual
2021-03-02,5250.428704886515,Actual
2021-03-03,5424.732423903755,Actual
2021-03-04,5525.091691754541,Actual
2021-03-05,5648.958311044957,Actual
2021-03-06,6547.704131245833,Actual
2021-03-07,6646.684641148363,Actual
2021-03-08,6006.509533910805,Actual
2021-03-09,6107.375482617606,Actual
2021-03-10,6223.866021771047,Actual
2021-03-11,6255.92565237904,Actual
2021-03-12,6302.063614722821,Actual
2021-03-13,7114.876527850498,Actual
2021-03-14,7121.0857571296165,Actual
2021-03-15,6382.778847918584,Actual
2021-03-16,6381.7109908150205,Actual
2021-03-17,6394.072187695762,Actual
2021-03-18,6321.428035458972,Actual
2021-03-19,6263.890375065821,Actual
2021-03-20,6975.607791610997,Actual
2021-03-21,6884.772576276575,Actual
2021-03-22,6054.834181533053,Actual
2021-03-23,5968.775754849893,Actual
2021-03-24,5903.859951524915,Actual
2021-03-25,5762.552373947897,Actual
2021-03-26,5645.679205086295,Actual
2021-03-27,6307.90922541516,Actual
2021-03-28,6177.756908020214,Actual
2021-03-29,5318.796587710226,Actual
2021-03-30,5213.944138076521,Actual
2021-03-31,5140.212096478805,Actual
2021-04-01,4999.646223983833,Actual
2021-04-02,4892.499619932031,Actual
2021-04-03,5572.734058738478,Actual
2021-04-04,5468.044664278487,Actual
2021-04-05,4641.09729788101,Actual
2021-04-06,4573.834451218125,Actual
2021-04-07,4542.254936885862,Actual
2021-04-08,4447.3747296634865,Actual
2021-04-09,4388.424474128749,Actual
2021-04-10,5118.372768121212,Actual
2021-04-11,5063.970839024605,Actual
2021-04-12,4287.007562341151,Actual
2021-04-13,4268.6302685680985,Actual
2021-04-14,4284.1363743453185,Actual
2021-04-15,4233.943026596314,Actual
2021-04-16,4216.790205332508,Actual
2021-04-17,4985.266417407903,Actual
2021-04-18,4965.852710062819,Actual
2021-04-19,4220.174148051852,Actual
2021-04-20,4229.314468733803,Actual
2021-04-21,4268.599282635063,Actual
2021-04-22,4238.5553911212555,Actual
2021-04-23,4238.102087513594,Actual
2021-04-24,5020.064018513184,Actual
2021-04-25,5011.201788844187,Actual
2021-04-26,4273.449902240616,Actual
2021-04-27,4288.218184258296,Actual
2021-04-28,4331.162454436587,Actual
2021-04-29,4303.132378235587,Actual
2021-04-30,4303.352666227926,Actual
2021-05-01,5084.927452976367,Actual
2021-05-02,5074.864210016348,Actual
2021-05-03,4335.306902954321,Actual
2021-05-04,4347.834579542057,Actual
2021-05-05,4388.231130003994,Actual
2021-05-06,4357.434057466909,Actual
2021-05-07,4354.718279095988,Actual
2021-05-08,5133.204576690096,Actual
2021-05-09,5119.888812108368,Actual
2021-05-10,4376.881330308883,Actual
2021-05-11,4385.712431984214,Actual
2021-05-12,4422.109339252992,Actual
2021-05-13,4386.952173841189,Actual
2021-05-14,4379.464660731419,Actual
2021-05-15,5152.728889566095,Actual
2021-05-16,5133.719993692554,Actual
2021-05-17,4384.549953448053,Actual
2021-05-18,4386.7762356579215,Actual
2021-05-19,4416.180574248265,Actual
2021-05-20,4373.725347504906,Actual
2021-05-21,4358.743257148694,Actual
2021-05-22,5124.449689256193,Actual
2021-05-23,5097.973717609419,Actual
2021-05-24,4341.597105528157,Actual
2021-05-25,4337.057210376544,Actual
2021-05-26,4360.319323217573,Actual
2021-05-27,4312.526153644325,Actual
2021-05-28,4293.180436902461,Actual
2021-05-29,5055.650322827933,Actual
2021-05-30,5027.193784112741,Actual
2021-05-31,4270.191664323003,Actual
2021-06-01,4266.445512169626,Actual
2021-06-02,4291.945946078246,Actual
2021-06-03,4247.819432321993,Actual
2021-06-04,4233.509582446022,Actual
2021-06-05,5002.282708814148,Actual
2021-06-06,4981.253902811713,Actual
2021-06-07,4232.6232296117905,Actual
2021-06-08,4237.978106673401,Actual
2021-06-09,4273.067480224937,Actual
2021-06-10,4238.755507094908,Actual
2021-06-11,4234.2106312113765,Actual
2021-06-12,5012.419544016915,Actual
2021-06-13,5000.2220188676365,Actual
2021-06-14,4259.555923143949,Actual
2021-06-15,4271.768179252977,Actual
2021-06-16,4312.396996915511,Actual
2021-06-17,4282.132806367456,Actual
2021-06-18,4280.013527710971,Actual
2021-06-19,5058.943444032582,Actual
2021-06-20,5045.731486821576,Actual
2021-06-21,4302.338102670882,Actual
2021-06-22,4310.186389057446,Actual
2021-06-23,4344.942793185885,Actual
2021-06-24,4307.474831258123,Actual
2021-06-25,4297.041546983751,Actual
2021-06-26,5066.806114464702,Actual
2021-06-27,5043.8665784099185,Actual
2021-06-28,4290.494135186316,Actual
2021-06-29,4288.434904904247,Actual
2021-06-30,4313.680785416431,Actual
2021-07-01,4267.417158210964,Actual
2021-07-02,4249.20348655946,Actual
2021-07-03,5012.476529818161,Actual
2021-07-04,4984.572475488294,Actual
2021-07-05,4227.957671727971,Actual
2021-07-06,4224.5241659258945,Actual
2021-07-07,4250.355847970219,Actual
2021-07-08,4206.6731304297455,Actual
2021-07-09,4193.012313649346,Actual
2021-07-10,4962.729409334261,Actual
2021-07-11,4943.024713714946,Actual
2021-07-12,4196.177742132456,Actual
2021-07-13,4203.848601226299,Actual
2021-07-14,4241.851413205301,Actual
2021-07-15,4211.107490978549,Actual
2021-07-16,4210.834136815236,Actual
2021-07-17,4994.058529525932,Actual
2021-07-18,4987.652659341789,Actual
2021-07-19,4253.578577859874,Actual
2021-07-20,4273.199693481905,Actual
2021-07-21,4322.063391378442,Actual
2021-07-22,4300.862362658973,Actual
2021-07-23,4308.63023366933,Actual
2021-07-24,5098.26072051216,Actual
2021-07-25,5096.54607862819,Actual
2021-07-26,4365.423982873075,Actual
2021-07-27,4386.28849928398,Actual
2021-07-28,4434.7704240128005,Actual
2021-07-29,4411.6944376112815,Actual
2021-07-30,4416.268794661552,Actual
2021-07-31,5201.59696553237,Actual
2021-08-01,5194.707248708279,Actual
2021-08-02,4457.7897875810795,Actual
2021-08-03,4472.496991750259,Actual
2021-08-04,4514.713007301543,Actual
2021-08-05,4485.5000713329255,Actual
2021-08-06,4484.2778634687775,Actual
2021-08-07,5264.325656481802,Actual
2021-08-08,5252.803649438952,Actual
2021-08-09,4511.983249183513,Actual
2021-08-10,4523.54258738602,Actual
2021-08-11,4563.33314942168,Actual
2021-08-12,4532.3255177760975,Actual
2021-08-13,4529.790438688037,Actual
2021-08-14,5308.805033623681,Actual
2021-08-15,5296.280479444113,Actual
2021-08-16,4554.200784262326,Actual
2021-08-17,4563.928730625652,Actual
2021-08-18,4600.984574673543,Actual
2021-08-19,4566.005151834357,Actual
2021-08-20,4557.939190433816,Actual
2021-08-21,5329.568203932931,Actual
2021-08-22,5307.548804337899,Actual
2021-08-23,4553.677087595425,Actual
2021-08-24,4549.173058864948,Actual
2021-08-25,4569.505414986987,Actual
2021-08-26,4515.348670890812,Actual
2021-08-27,4485.785630734117,Actual
2021-08-28,5233.83270687876,Actual
2021-08-29,5186.483655270348,Actual
2021-08-30,4405.960666177835,Actual
2021-08-31,4374.02828497076,Actual
2021-09-01,4366.775267139662,Actual
2021-09-02,4285.571665170006,Actual
2021-09-03,4230.256742184412,Actual
2021-09-04,4954.647034471295,Actual
2021-09-05,4886.560521267544,Actual
2021-09-06,4089.0463136978296,Actual
2021-09-07,4044.6758821037365,Actual
2021-09-08,4030.3015283463283,Actual
2021-09-09,3947.9900446274432,Actual
2021-09-10,3898.18782199861,Actual
2021-09-11,4635.207404139892,Actual
2021-09-12,4587.232104348707,Actual
2021-09-13,3817.528723613763,Actual
2021-09-14,3808.7249627417823,Actual
2021-09-15,3837.557738379971,Actual
2021-09-16,3805.8007612508964,Actual
2021-09-17,3813.427955719442,Actual
2021-09-18,4614.1029198099495,Actual
2021-09-19,4635.1911259992,Actual
2021-09-20,3938.9848565926304,Actual
2021-09-21,4006.997293895057,Actual
2021-09-22,4114.7316754687245,Actual
2021-09-23,4162.633451495455,Actual
2021-09-24,4249.281489087366,Actual
2021-09-25,5126.907887610647,Actual
2021-09-26,5221.442384584904,Actual
2021-09-27,4593.770557425101,Actual
2021-09-28,4724.061404955535,Actual
2021-09-29,4886.569356893694,Actual
2021-09-30,4980.617783204834,Actual
2021-10-01,5103.819203622418,Actual
2021-10-02,6007.620960634396,Actual
2021-10-03,6117.371601095472,Actual
2021-10-04,5493.596524686614,Actual
2021-10-05,5616.337942697824,Actual
2021-10-06,5759.963777600087,Actual
2021-10-07,5824.152294060422,Actual
2021-10-08,5907.107526407835,Actual
2021-10-09,6761.094282814771,Actual
2021-10-10,6812.488142385115,Actual
2021-10-11,6123.029326500266,Actual
2021-10-12,6174.135956496817,Actual
2021-10-13,6241.681932282036,Actual
2021-10-14,6226.946947673412,Actual
2021-10-15,6229.794536356034,Actual
2021-10-16,7004.167840548845,Actual
2021-10-17,6978.09949035237,Actual
2021-10-18,6214.925481905547,Actual
2021-10-19,6197.559581975274,Actual
2021-10-20,6203.234491302007,Actual
2021-10-21,6134.44080315379,Actual
2021-10-22,6092.00769720347,Actual
2021-10-23,6830.641524432669,Actual
2021-10-24,6778.893670586593,Actual
2021-10-25,6000.36096285399,Actual
2021-10-26,5977.952969674778,Actual
2021-10-27,5988.6326545030115,Actual
2021-10-28,5934.338912629252,Actual
2021-10-29,5915.147657023738,Actual
2021-10-30,6684.761653821864,Actual
2021-10-31,6670.525725051046,Actual
2021-11-01,5934.657149160417,Actual
2021-11-02,5958.547441809291,Actual
2021-11-03,6017.541123270943,Actual
2021-11-04,6011.899049425276,Actual
2021-11-05,6040.001946875309,Actual
2021-11-06,6853.883280683806,Actual
2021-11-07,6879.286981325066,Actual
2021-11-08,6176.938780049788,Actual
2021-11-09,6226.886291712402,Actual
2021-11-10,6303.312473360342,Actual
2021-11-11,6305.52914858246,Actual
2021-11-12,6331.205465652638,Actual
2021-11-13,7131.919780322207,Actual
2021-11-14,7133.230003896034,Actual
2021-11-15,6395.950844340137,Actual
2021-11-16,6400.4929310316675,Actual
2021-11-17,6421.668479825952,Actual
2021-11-18,6359.670392886041,Actual
2021-11-19,6313.280036294389,Actual
2021-11-20,7035.3927217374385,Actual
2021-11-21,6953.056614581913,Actual
2021-11-22,6128.714305757807,Actual
2021-11-23,6044.502954198942,Actual
2021-11-24,5977.01865480091,Actual
2021-11-25,5828.25298020592,Actual
2021-11-26,5698.758021040663,Actual
2021-11-27,6343.13003168856,Actual
2021-11-28,6190.008455331167,Actual
2021-11-29,5303.280560355144,Actual
2021-11-30,5166.3485066314,Actual
2021-12-01,5056.865302045758,Actual
2021-12-02,4877.648275961038,Actual
2021-12-03,4729.826928362922,Actual
2021-12-04,5368.315638552156,Actual
2021-12-05,5221.808217652055,Actual
2021-12-06,4353.984576979966,Actual
2021-12-07,4247.7862004075705,Actual
2021-12-08,4180.16658536746,Actual
2021-12-09,4053.024827286594,Actual
2021-12-10,3966.378611794054,Actual
2021-12-11,4673.86637875198,Actual
2021-12-12,4602.774817877919,Actual
2021-12-13,3815.281061799134,Actual
2021-12-14,3792.765302439292,Actual
2021-12-15,3810.5990032106806,Actual
2021-12-16,3769.115887426632,Actual
2021-12-17,3766.8209973297203,Actual
2021-12-18,4555.943925779312,Actual
2021-12-19,4562.445250563461,Actual
2021-12-20,3847.337362263045,Actual
2021-12-21,3891.002210047833,Actual
2021-12-22,3967.9969264659912,Actual
2021-12-23,3978.0369018927736,Actual
2021-12-24,4019.211402979215,Actual
2021-12-25,4843.520536175994,Actual
2021-12-26,4876.928983557178,Actual
2021-12-27,4180.625391941165,Actual
2021-12-28,4235.342913815743,Actual
2021-12-29,4316.14610552753,Actual
2021-12-30,4323.391651680734,Actual
2021-12-31,4355.918742612001,Actual
2022-01-01,5166.558707743301,Actual
2022-01-02,5182.160179326832,Actual
2022-01-03,4464.819535389789,Actual
2022-01-04,4496.172983656052,Actual
2022-01-05,4552.156325688786,Actual
2022-01-06,4533.94065067047,Actual
2022-01-07,4541.1004909775675,Actual
2022-01-08,5327.104652581078,Actual
2022-01-09,5319.3264933536675,Actual
2022-01-10,4580.2637714623515,Actual
2022-01-11,4591.824664281987,Actual
2022-01-12,4630.086095170254,Actual
2022-01-13,4596.232573640781,Actual
2022-01-14,4589.731897732419,Actual
2022-01-15,5363.83761545019,Actual
2022-01-16,5345.614579792626,Actual
2022-01-17,4597.177172671008,Actual
2022-01-18,4599.996159813029,Actual
2022-01-19,4629.679604051085,Actual
2022-01-20,4586.935282410964,Actual
2022-01-21,4570.770168606825,Actual
2022-01-22,5334.0160871697135,Actual
2022-01-23,5303.377103342373,Actual
2022-01-24,4540.687496897826,Actual
2022-01-25,4527.235619701678,Actual
2022-01-26,4538.558486793568,Actual
2022-01-27,4475.4140704577485,Actual
2022-01-28,4436.986498901255,Actual
2022-01-29,5176.413032380238,Actual
2022-01-30,5120.828281194185,Actual
2022-01-31,4332.614550739161,Actual
2022-02-01,4293.713786408645,Actual
2022-02-02,4280.406272098698,Actual
2022-02-03,4194.2634783176445,Actual
2022-02-04,4135.330798237973,Actual
2022-02-05,4857.629676249691,Actual
2022-02-06,4789.175301926958,Actual
2022-02-07,3993.1995196812354,Actual
2022-02-08,3952.435226446032,Actual
2022-02-09,3943.8682224089725,Actual
2022-02-10,3869.664710327482,Actual
2022-02-11,3830.3309466779037,Actual
2022-02-12,4580.195257481454,Actual
2022-02-13,4547.409222915993,Actual
2022-02-14,3795.1582169900935,Actual
2022-02-15,3805.9520404339014,Actual
2022-02-16,3856.331710281819,Actual
2022-02-17,3847.8411784179384,Actual
2022-02-18,3880.180107649282,Actual
2022-02-19,4706.698015129152,Actual
2022-02-20,4754.412303712223,Actual
2022-02-21,4085.2399945966804,Actual
2022-02-22,4180.299365616334,Actual
2022-02-23,4314.687162181523,Actual
2022-02-24,4388.439055286214,Actual
2022-02-25,4499.7291192426455,Actual
2022-02-26,5400.397620983597,Actual
2022-02-27,5516.0028382174205,Actual
2022-02-28,4907.085868859285,Actual
2022-03-01,5053.503801444345,Actual
2022-03-02,5229.236116871757,Actual
2022-03-03,5333.371259225944,Actual
2022-03-04,5463.328490459756,Actual
2022-03-05,6370.403759421477,Actual
2022-03-06,6479.83485199058,Actual
2022-03-07,5852.07445667835,Actual
2022-03-08,5967.126317756125,Actual
2022-03-09,6099.349283658073,Actual
2022-03-10,6148.436261602083,Actual
2022-03-11,6212.623399390793,Actual
2022-03-12,7044.218557637539,Actual
2022-03-13,7069.644788757145,Actual
2022-03-14,6350.688010618014,Actual
2022-03-15,6368.804688941783,Actual
2022-03-16,6399.895049078665,Actual
2022-03-17,6345.249592136741,Actual
2022-03-18,6304.7250313957775,Actual
2022-03-19,7032.239516635502,Actual
2022-03-20,6955.783655572542,Actual
2022-03-21,6138.6372809577815,Actual
2022-03-22,6063.648486458091,Actual
2022-03-23,6007.981091669335,Actual
2022-03-24,5874.038865967401,Actual
2022-03-25,5762.623083800966,Actual
2022-03-26,6428.413627530916,Actual
2022-03-27,6299.970380055794,Actual
2022-03-28,5440.944969687601,Actual
2022-03-29,5334.359384521553,Actual
2022-03-30,5257.357493726392,Actual
2022-03-31,5112.137571432748,Actual
2022-04-01,4999.1220593753815,Actual
2022-04-02,5672.454356999797,Actual
2022-04-03,5560.018876607406,Actual
2022-04-04,4724.673859496573,Actual
2022-04-05,4648.552858970536,Actual
2022-04-06,4607.840289026896,Actual
2022-04-07,4503.728486654197,Actual
2022-04-08,4435.6118849421055,Actual
2022-04-09,5156.607472671071,Actual
2022-04-10,5093.597206994593,Actual
2022-04-11,4308.481360644757,Actual
2022-04-12,4282.498264042673,Actual
2022-04-13,4291.015474740651,Actual
2022-04-14,4234.508851831446,Actual
2022-04-15,4211.738399238704,Actual
2022-04-16,4975.303051222555,Actual
2022-04-17,4951.676975362177,Actual
2022-04-18,4202.463010148049,Actual
2022-04-19,4208.709562892521,Actual
2022-04-20,4245.696251148236,Actual
2022-04-21,4213.895773012479,Actual
2022-04-22,4212.1677870796175,Actual
2022-04-23,4993.274296717758,Actual
2022-04-24,4983.912645041713,Actual
2022-04-25,4245.955645211472,Actual
2022-04-26,4260.754932662056,Actual
2022-04-27,4303.9132593465,Actual
2022-04-28,4276.233624303905,Actual
2022-04-29,4276.901390654017,Actual
2022-04-30,5058.989203343791,Actual
2022-05-01,5049.481075737668,Actual
2022-05-02,4310.505367312893,Actual
2022-05-03,4323.632868567862,Actual
2022-05-04,4364.645773095372,Actual
2022-05-05,4334.485421681392,Actual
2022-05-06,4332.434892898661,Actual
2022-05-07,5111.6261172876475,Actual
2022-05-08,5099.067691376583,Actual
2022-05-09,4356.882875433778,Actual
2022-05-10,4366.613716191609,Actual
2022-05-11,4403.996773341879,Actual
2022-05-12,4369.918018810995,Actual
2022-05-13,4363.602663966936,Actual
2022-05-14,5138.129280474887,Actual
2022-05-15,5120.464098367273,Actual
2022-05-16,4372.704701151397,Actual
2022-05-17,4376.3888324540485,Actual
2022-05-18,4407.273610929111,Actual
2022-05-19,4366.292590610561,Actual
2022-05-20,4352.746344072858,Actual
2022-05-21,5119.81591230176,Actual
2022-05-22,5094.595038816012,Actual
2022-05-23,4339.330495703253,Actual
2022-05-24,4335.726353764708,Actual
2022-05-25,4359.717675748467,Actual
2022-05-26,4312.421289250427,Actual
2022-05-27,4293.319565345796,Actual
2022-05-28,5055.76681530683,Actual
2022-05-29,5027.014501517866,Actual
2022-05-30,4269.444848743632,Actual
2022-05-31,4264.868976437877,Actual
2022-06-01,4289.29527963667,Actual
2022-06-02,4243.875935155252,Actual
2022-06-03,4228.0876425219985,Actual
2022-06-04,4995.236352329028,Actual
2022-06-05,4972.482270049993,Actual
2022-06-06,4222.074761829814,Actual
2022-06-07,4225.653269729085,Actual
2022-06-08,4259.0198977250875,Actual
2022-06-09,4223.091427689797,Actual
2022-06-10,4217.08670988937,Actual
2022-06-11,4994.038979654174,Actual
2022-06-12,4980.829116964218,Actual
2022-06-13,4239.429264928276,Actual
2022-06-14,4251.212568913184,Actual
2022-06-15,4291.734431467148,Actual
2022-06-16,4261.692742519839,Actual
2022-06-17,4260.122747271697,Actual
2022-06-18,5039.915836672835,Actual
2022-06-19,5027.858076020939,Actual
2022-06-20,4285.8776368727085,Actual
2022-06-21,4295.356805624887,Actual
2022-06-22,4331.913837996995,Actual
2022-06-23,4296.362082468429,Actual
2022-06-24,4287.90204866632,Actual
2022-06-25,5059.635775409524,Actual
2022-06-26,5038.599437971475,Actual
2022-06-27,4287.003534378069,Actual
2022-06-28,4286.536544097432,Actual
2022-06-29,4313.137586660983,Actual
2022-06-30,4267.945791827912,Actual
2022-07-01,4250.48236674546,Actual
2022-07-02,5014.155035184257,Actual
2022-07-03,4986.281109185317,Actual
2022-07-04,4229.318843578176,Actual
2022-07-05,4225.163256937987,Actual
2022-07-06,4249.912206488888,Actual
2022-07-07,4204.810649592158,Actual
2022-07-08,4189.429251644821,Actual
2022-07-09,4957.167137124265,Actual
2022-07-10,4935.275108552955,Actual
2022-07-11,4186.088988472983,Actual
2022-07-12,4191.3292121056875,Actual
2022-07-13,4226.872343227484,Actual
2022-07-14,4193.702274858244,Actual
2022-07-15,4191.097052948313,Actual
2022-07-16,4972.140854117056,Actual
2022-07-17,4963.757141108997,Actual
2022-07-18,4227.952323925762,Actual
2022-07-19,4246.125712001815,Actual
2022-07-20,4293.851083419119,Actual
2022-07-21,4271.8372936239775,Actual
2022-07-22,4279.123541434781,Actual
2022-07-23,5068.598532553634,Actual
2022-07-24,5067.039313022796,Actual
2022-07-25,4336.358897953326,Actual
2022-07-26,4357.9183339858155,Actual
2022-07-27,4407.308436190964,Actual
2022-07-28,4385.308601791083,Actual
2022-07-29,4391.0783651466245,Actual
2022-07-30,5177.671047206615,Actual
2022-07-31,5172.0654482666805,Actual
2022-08-01,4436.404944415016,Actual
2022-08-02,4452.299912827691,Actual
2022-08-03,4495.599056406841,Actual
2022-08-04,4467.337392599676,Actual
2022-08-05,4466.9169545830055,Actual
2022-08-06,5247.609950535167,Actual
2022-08-07,5236.580718307889,Actual
2022-08-08,4496.116207054784,Actual
2022-08-09,4507.921252132011,Actual
2022-08-10,4547.884514483227,Actual
2022-08-11,4517.02309316258,Actual
2022-08-12,4514.662046218908,Actual
2022-08-13,5293.938678664171,Actual
2022-08-14,5281.8279740191465,Actual
2022-08-15,4540.378861386292,Actual
2022-08-16,4551.0174654327,Actual
2022-08-17,4589.323012374023,Actual
2022-08-18,4555.984133239776,Actual
2022-08-19,4549.991459966419,Actual
2022-08-20,5324.155979949967,Actual
2022-08-21,5305.149084077992,Actual
2022-08-22,4554.7535251818545,Actual
2022-08-23,4554.1809395277105,Actual
2022-08-24,4578.861105239036,Actual
2022-08-25,4529.41019064767,Actual
2022-08-26,4504.833426904361,Actual
2022-08-27,5258.051251196561,Actual
2022-08-28,5215.944492928335,Actual
2022-08-29,4440.607526629606,Actual
2022-08-30,4413.664831811691,Actual
2022-08-31,4411.056011036498,Actual
2022-09-01,4333.996492977455,Actual
2022-09-02,4282.169428672927,Actual
2022-09-03,5009.238002264216,Actual
2022-09-04,4942.874002399924,Actual
2022-09-05,4145.991945550974,Actual
2022-09-06,4101.044644647892,Actual
2022-09-07,4084.7858021521547,Actual
2022-09-08,3999.2074436629987,Actual
2022-09-09,3944.7083354481147,Actual
2022-09-10,4675.5832710564955,Actual
2022-09-11,4620.029747170196,Actual
2022-09-12,3841.3619847973523,Actual
2022-09-13,3822.288825429139,Actual
2022-09-14,3839.6616697619656,Actual
2022-09-15,3795.4007975811883,Actual
2022-09-16,3789.6566520087754,Actual
2022-09-17,4576.2963156150545,Actual
2022-09-18,4582.911931131375,Actual
2022-09-19,3872.0411361991737,Actual
2022-09-20,3925.456029617726,Actual
2022-09-21,4018.926696114046,Actual
2022-09-22,4053.1673600342956,Actual
2022-09-23,4127.021359596518,Actual
2022-09-24,4992.974662178685,Actual
2022-09-25,5077.194062210857,Actual
2022-09-26,4440.779430192799,Actual
2022-09-27,4564.085756872585,Actual
2022-09-28,4721.520193329856,Actual
2022-09-29,4812.5212995527245,Actual
2022-09-30,4934.775826621753,Actual
2022-10-01,5839.76190108573,Actual
2022-10-02,5952.813939207273,Actual
2022-10-03,5334.397906601085,Actual
2022-10-04,5464.451996526655,Actual
2022-10-05,5617.197358787662,Actual
2022-10-06,5692.125641766126,Actual
2022-10-07,5787.218357910185,Actual
2022-10-08,6654.486765379418,Actual
2022-10-09,6720.0275754874665,Actual
2022-10-10,6045.283232343494,Actual
2022-10-11,6111.362123749877,Actual
2022-10-12,6193.823788464348,Actual
2022-10-13,6193.636454032925,Actual
2022-10-14,6210.3626102821745,Actual
2022-10-15,6997.662119312801,Actual
2022-10-16,6983.309061428056,Actual
2022-10-17,6230.412024091029,Actual
2022-10-18,6221.6941932216505,Actual
2022-10-19,6234.239327629046,Actual
2022-10-20,6170.411955577399,Actual
2022-10-21,6131.0084653339745,Actual
2022-10-22,6870.729493691171,Actual
2022-10-23,6818.170626886202,Actual
2022-10-24,6037.021825595256,Actual
2022-10-25,6010.332507888551,Actual
2022-10-26,6015.248799325106,Actual
2022-10-27,5953.9315588558275,Actual
2022-10-28,5926.711954967973,Actual
2022-10-29,6687.574927679244,Actual
2022-10-30,6664.167311932687,Actual
2022-10-31,5919.020629906147,Actual
2022-11-01,5933.84492611664,Actual
2022-11-02,5984.2994524985315,Actual
2022-11-03,5970.9479856246835,Actual
2022-11-04,5992.454620603264,Actual
2022-11-05,6801.109367720652,Actual
2022-11-06,6822.879264380075,Actual
2022-11-07,6118.673920880211,Actual
2022-11-08,6168.680787470813,Actual
2022-11-09,6247.174894397398,Actual
2022-11-10,6253.5098501279535,Actual
2022-11-11,6285.345030339701,Actual
2022-11-12,7094.197480531311,Actual
2022-11-13,7105.513571756415,Actual
2022-11-14,6379.948802732444,Actual
2022-11-15,6397.71067227976,Actual
2022-11-16,6433.369181496959,Actual
2022-11-17,6386.84173498826,Actual
2022-11-18,6356.607534447916,Actual
2022-11-19,7095.24032060535,Actual
2022-11-20,7029.454999503711,Actual
2022-11-21,6221.357193101451,Actual
2022-11-22,6152.751417647907,Actual
2022-11-23,6099.913341011574,Actual
2022-11-24,5964.533868400961,Actual
2022-11-25,5846.891192329481,Actual
2022-11-26,6501.340740180114,Actual
2022-11-27,6356.319639000212,Actual
2022-11-28,5475.555798934622,Actual
2022-11-29,5342.338330080027,Actual
2022-11-30,5234.255678798221,Actual
2022-12-01,5054.110066935047,Actual
2022-12-02,4903.065081725785,Actual
2022-12-03,5536.116921146718,Actual
2022-12-04,5382.086332248134,Actual
2022-12-05,4504.821595015628,Actual
2022-12-06,4387.469350843844,Actual
2022-12-07,4307.219572781023,Actual
2022-12-08,4166.233006096264,Actual
2022-12-09,4064.8075129591934,Actual
2022-12-10,4756.873265896794,Actual
2022-12-11,4670.013136516377,Actual
2022-12-12,3866.6978331845894,Actual
2022-12-13,3828.591697113631,Actual
2022-12-14,3831.3345040930776,Actual
2022-12-15,3775.5066130639575,Actual
2022-12-16,3759.83289892018,Actual
2022-12-17,4536.714435664121,Actual
2022-12-18,4532.283342164333,Actual
2022-12-19,3807.6694792442186,Actual
2022-12-20,3843.334134711392,Actual
2022-12-21,3913.875382875314,Actual
2022-12-22,3919.0119280965955,Actual
2022-12-23,3956.8004800639355,Actual
2022-12-24,4779.175388262489,Actual
2022-12-25,4812.005864889125,Actual
2022-12-26,4116.359557925185,Actual
2022-12-27,4172.827835783767,Actual
2022-12-28,4256.317838526161,Actual
2022-12-29,4267.018604856728,Actual
2022-12-30,4303.596937753816,Actual
2022-12-31,5118.712447827711,Actual
2023-01-01,5139.047890320493,Actual
2023-01-02,4426.544395542152,Actual
2023-01-03,4462.697819378469,Actual
2023-01-04,4523.322135446538,Actual
2023-01-05,4509.488021661019,Actual
2023-01-06,4520.693099978211,Actual
2023-01-07,5310.353994446686,Actual
2023-01-08,5305.81695915214,Actual
2023-01-09,4569.577203750028,Actual
2023-01-10,4583.563548935997,Actual
2023-01-11,4623.89460645924,Actual
2023-01-12,4591.814769995648,Actual
2023-01-13,4586.866467163982,Actual
2023-01-14,5362.388688877525,Actual
2023-01-15,5345.5382638054025,Actual
2023-01-16,4598.52359653571,Actual
2023-01-17,4602.906980426043,Actual
2023-01-18,4634.381062643019,Actual
2023-01-19,4593.727053579479,Actual
2023-01-20,4580.010381339885,Actual
2023-01-21,5346.103024803373,Actual
2023-01-22,5318.728201057431,Actual
2023-01-23,4559.716348117499,Actual
2023-01-24,4550.32777389847,Actual
2023-01-25,4566.046868493181,Actual
2023-01-26,4507.554871460582,Actual
2023-01-27,4473.93639198256,Actual
2023-01-28,5218.208525291461,Actual
2023-01-29,5167.367975290519,Actual
2023-01-30,4383.644990739708,Actual
2023-01-31,4348.819488222618,Actual
2023-02-01,4339.004400727545,Actual
2023-02-02,4255.603510468032,Actual
2023-02-03,4198.499365668214,Actual
2023-02-04,4921.560632721578,Actual
2023-02-05,4852.6649037290845,Actual
2023-02-06,4054.926457890062,Actual
2023-02-07,4010.9851034065214,Actual
2023-02-08,3997.7619293144935,Actual
2023-02-09,3917.390041350178,Actual
2023-02-10,3870.3766812557096,Actual
2023-02-11,4611.0868590837235,Actual
2023-02-12,4567.745242443497,Actual
2023-02-13,3803.6464534397314,Actual
2023-02-14,3801.430461338824,Actual
2023-02-15,3837.829354464073,Actual
2023-02-16,3814.5938992312635,Actual
2023-02-17,3831.656489070774,Actual
2023-02-18,4642.620679810323,Actual
2023-02-19,4674.773983546978,Actual
2023-02-20,3990.313862571517,Actual
2023-02-21,4070.643270163609,Actual
2023-02-22,4191.141557651105,Actual
2023-02-23,4252.118580922958,Actual
2023-02-24,4352.007939381305,Actual
2023-02-25,5242.888797162235,Actual
2023-02-26,5350.532154996016,Actual
2023-02-27,4735.660675595651,Actual
2023-02-28,4878.277558045262,Actual
2023-03-01,5052.469439654586,Actual
2023-03-02,5157.390350377862,Actual
2023-03-03,5290.481899147265,Actual
2023-03-04,6203.018462670742,Actual
2023-03-05,6320.172658106161,Actual
2023-03-06,5702.289723089349,Actual
2023-03-07,5829.225938943925,Actual
2023-03-08,5975.155844833439,Actual
2023-03-09,6039.555171252386,Actual
2023-03-10,6120.414711666156,Actual
2023-03-11,6969.774076194388,Actual
2023-03-12,7013.770910705366,Actual
2023-03-13,6313.894626175882,Actual
2023-03-14,6351.300303147551,Actual
2023-03-15,6401.588140466174,Actual
2023-03-16,6365.756073632344,Actual
2023-03-17,6343.381534743457,Actual
2023-03-18,7088.122087103733,Actual
2023-03-19,7027.731321910986,Actual
2023-03-20,6225.279859567051,Actual
2023-03-21,6163.437891020427,Actual
2023-03-22,6119.2253520070935,Actual
2023-03-23,5994.938014143685,Actual
2023-03-24,5891.306042115943,Actual
2023-03-25,6562.9752323441035,Actual
2023-03-26,6438.507696816519,Actual
2023-03-27,5581.592097066535,Actual
2023-03-28,5475.320007517672,Actual
2023-03-29,5396.93452509007,Actual
2023-03-30,5248.759312242795,Actual
2023-03-31,5131.364428749204,Actual
2023-04-01,5799.05882985084,Actual
2023-04-02,5679.905914523331,Actual
2023-04-03,4836.951729110655,Actual
2023-04-04,4752.52185564099,Actual
2023-04-05,4702.9924998171355,Actual
2023-04-06,4589.743335044373,Actual
2023-04-07,4512.347797643955,Actual
2023-04-08,5224.090094000337,Actual
2023-04-09,5152.004656380322,Actual
2023-04-10,4358.12708278507,Actual
2023-04-11,4323.812057594028,Actual
2023-04-12,4324.523304229024,Actual
2023-04-13,4260.8027392375825,Actual
2023-04-14,4231.474221165615,Actual
2023-04-15,4989.170944070023,Actual
2023-04-16,4960.382095265962,Actual
2023-04-17,4206.7077893852465,Actual
2023-04-18,4209.177843470479,Actual
2023-04-19,4243.039598416692,Actual
2023-04-20,4208.7221886582565,Actual
2023-04-21,4205.032954913055,Actual
2023-04-22,4984.675408623058,Actual
2023-04-23,4974.284771209214,Actual
2023-04-24,4235.670534608072,Actual
2023-04-25,4250.122058981889,Actual
2023-04-26,4293.182866276003,Actual
2023-04-27,4265.601473490696,Actual
2023-04-28,4266.514877461531,Actual
2023-04-29,5048.954480080343,Actual
2023-04-30,5039.87081000105,Actual
2023-05-01,4301.366764128933,Actual
2023-05-02,4314.995598938745,Actual
2023-05-03,4356.52947705911,Actual
2023-05-04,4326.906490281681,Actual
2023-05-05,4325.41227852732,Actual
2023-05-06,5105.185974208944,Actual
2023-05-07,5093.246705654687,Actual
2023-05-08,4351.730203947204,Actual
2023-05-09,4362.1915156736095,Actual
2023-05-10,4400.379360276417,Actual
2023-05-11,4367.189757565318,Actual
2023-05-12,4361.854731669679,Actual
2023-05-13,5137.4555013427835,Actual
2023-05-14,5120.956075894302,Actual
2023-05-15,4374.446502771949,Actual
2023-05-16,4379.451497178544,Actual
2023-05-17,4411.709755646978,Actual
2023-05-18,4372.131385229378,Actual
2023-05-19,4359.989109810377,Actual
2023-05-20,5128.432571892015,Actual
2023-05-21,5104.521613261376,Actual
2023-05-22,4350.467800666729,Actual
2023-05-23,4347.940001602348,Actual
2023-05-24,4372.839437795946,Actual
2023-05-25,4326.251819752805,Actual
2023-05-26,4307.632434746554,Actual
2023-05-27,5070.313746213946,Actual
2023-05-28,5041.531665246283,Actual
2023-05-29,4283.660011567859,Actual
2023-05-30,4278.50927429721,Actual
2023-05-31,4302.095359104247,Actual
2023-06-01,4255.586182164134,Actual
2023-06-02,4238.482211281228,Actual
2023-06-03,5004.120707971911,Actual
2023-06-04,4979.699969938086,Actual
2023-06-05,4227.513221543088,Actual
2023-06-06,4229.248290223973,Actual
2023-06-07,4260.758768648542,Actual
2023-06-08,4223.01446730276,Actual
2023-06-09,4215.287152911723,Actual
2023-06-10,4990.661172998638,Actual
2023-06-11,4976.065069053532,Actual
2023-06-12,4233.513591937437,Actual
2023-06-13,4244.415994353732,Actual
2023-06-14,4284.356016626469,Actual
2023-06-15,4254.051076203872,Actual
2023-06-16,4252.546361053987,Actual
2023-06-17,5032.733141275588,Actual
2023-06-18,5021.3871342867515,Actual
2023-06-19,4280.416098392656,Actual
2023-06-20,4291.172327009608,Actual
2023-06-21,4329.2353009772605,Actual
2023-06-22,4295.371899789314,Actual
2023-06-23,4288.7298157116065,Actual
2023-06-24,5062.353484721154,Actual
2023-06-25,5043.218425431654,Actual
2023-06-26,4293.473271576071,Actual
2023-06-27,4294.7453327242865,Actual
2023-06-28,4322.915149940509,Actual
2023-06-29,4279.067696599241,Actual
2023-06-30,4262.676150237807,Actual
2023-07-01,5027.107854461933,Actual
2023-07-02,4999.648680727984,Actual
2023-07-03,4242.735397207141,Actual
2023-07-04,4238.25219358974,Actual
2023-07-05,4262.297124785211,Actual
2023-07-06,4216.126392134377,Actual
2023-07-07,4199.332619538857,Actual
2023-07-08,4965.3469301934365,Actual
2023-07-09,4941.461169086032,Actual
2023-07-10,4190.059957488444,Actual
2023-07-11,4192.918748072627,Actual
2023-07-12,4225.973602772928,Actual
2023-07-13,4190.270511560905,Actual
2023-07-14,4185.150252124867,Actual
2023-07-15,4963.75838656966,Actual
2023-07-16,4953.076484883966,Actual
2023-07-17,4215.163968294672,Actual
2023-07-18,4231.466419566366,Actual
2023-07-19,4277.595742805528,Actual
2023-07-20,4254.289644394992,Actual
2023-07-21,4260.606092995745,Actual
2023-07-22,5049.44202858966,Actual
2023-07-23,5047.572111118011,Actual
2023-07-24,4316.896639810214,Actual
2023-07-25,4338.754274554533,Actual
2023-07-26,4388.704781380269,Actual
2023-07-27,4367.489170610775,Actual
2023-07-28,4374.222850976234,Actual
2023-07-29,5161.9110986122405,Actual
2023-07-30,5157.482728264786,Actual
2023-07-31,4423.031258744116,Actual
2023-08-01,4440.1194250943245,Actual
2023-08-02,4484.552533144665,Actual
2023-08-03,4457.328346879586,Actual
2023-08-04,4457.819485255923,Actual
2023-08-05,5239.278007952591,Actual
2023-08-06,5228.858468686953,Actual
2023-08-07,4488.849118870001,Actual
2023-08-08,4500.967490751675,Actual
2023-08-09,4541.126205780267,Actual
2023-08-10,4510.377009524313,Actual
2023-08-11,4508.089270519371,Actual
2023-08-12,5287.452823153132,Actual
2023-08-13,5275.501565681982,Actual
2023-08-14,4534.347554349298,Actual
2023-08-15,4545.481802891791,Actual
2023-08-16,4584.54753383156,Actual
2023-08-17,4552.293705244701,Actual
2023-08-18,4547.764797998863,Actual
2023-08-19,5323.816422640861,Actual
2023-08-20,5307.152775966115,Actual
2023-08-21,4559.575257590502,Actual
2023-08-22,4562.297987982105,Actual
2023-08-23,4590.735483122989,Actual
2023-08-24,4545.4698099428215,Actual
2023-08-25,4525.4527150598715,Actual
2023-08-26,5283.531816514529,Actual
2023-08-27,5246.49645743536,Actual
2023-08-28,4476.33215375853,Actual
2023-08-29,4454.539065913776,Actual
2023-08-30,4456.919515991011,Actual
2023-08-31,4384.541728818866,Actual
2023-09-01,4336.935238664113,Actual
2023-09-02,5067.6070999168805,Actual
2023-09-03,5004.074650428981,Actual
2023-09-04,4209.104009123073,Actual
2023-09-05,4165.0100824867595,Actual
2023-09-06,4148.423534146722,Actual
2023-09-07,4061.232406295765,Actual
2023-09-08,4003.7544100142086,Actual
2023-09-09,4730.229648123886,Actual
2023-09-10,4668.830177631006,Actual
2023-09-11,3882.8762666330767,Actual
2023-09-12,3855.1157892113406,Actual
2023-09-13,3862.47285779458,Actual
2023-09-14,3806.973983815516,Actual
2023-09-15,3788.9083244335416,Actual
2023-09-16,4562.312240852683,Actual
2023-09-17,4554.974943310696,Actual
2023-09-18,3829.655338563205,Actual
2023-09-19,3868.3666673500347,Actual
2023-09-20,3947.1350508354376,Actual
2023-09-21,3966.940127864494,Actual
2023-09-22,4026.89410758853,Actual
2023-09-23,4879.749094893206,Actual
2023-09-24,4951.928991387344,Actual
2023-09-25,4304.775498069608,Actual
2023-09-26,4418.864127761601,Actual
2023-09-27,4568.795589333766,Actual
2023-09-28,4654.16991117324,Actual
2023-09-29,4772.798773051268,Actual
2023-09-30,5676.245044099302,Actual
2023-10-01,5789.884965105048,Actual
2023-10-02,5174.181679066975,Actual
2023-10-03,5309.025247126227,Actual
2023-10-04,5468.543818655009,Actual
2023-10-05,5552.092726948599,Actual
2023-10-06,5657.4764987304525,Actual
2023-10-07,6536.492424231351,Actual
2023-10-08,6614.990916769431,Actual
2023-10-09,5954.141306122739,Actual
2023-10-10,6034.758296824052,Actual
2023-10-11,6132.094007741608,Actual
2023-10-12,6146.802761328068,Actual
2023-10-13,6178.134148641904,Actual
2023-10-14,6979.443683540098,Actual
2023-10-15,6978.217054342318,Actual
2023-10-16,6237.297490425622,Actual
2023-10-17,6239.172419604828,Actual
2023-10-18,6260.725325239417,Actual
2023-10-19,6204.160985888897,Actual
2023-10-20,6170.160633605325,Actual
2023-10-21,6913.357323014796,Actual
2023-10-22,6862.328440894555,Actual
2023-10-23,6080.795712913627,Actual
2023-10-24,6051.889617544168,Actual
2023-10-25,6052.884724800503,Actual
2023-10-26,5986.114608905282,Actual
2023-10-27,5952.1231812504475,Actual
2023-10-28,6705.142880718688,Actual
2023-10-29,6673.096625546001,Actual
2023-10-30,5918.81368686335,Actual
2023-10-31,5924.316030312322,Actual
2023-11-01,5965.581121275434,Actual
2023-11-02,5943.489174768112,Actual
2023-11-03,5957.010899166151,Actual
2023-11-04,6758.725264621594,Actual
2023-11-05,6774.863208408837,Actual
2023-11-06,6066.566385049655,Actual
2023-11-07,6114.216422653752,Actual
2023-11-08,6192.239591099369,Actual
2023-11-09,6200.093797349258,Actual
2023-11-10,6235.492942924623,Actual
2023-11-11,7049.957238829801,Actual
2023-11-12,7068.884557655772,Actual
2023-11-13,6352.831223332085,Actual
2023-11-14,6381.857136261829,Actual
2023-11-15,6430.339734450462,Actual
2023-11-16,6397.963470202344,Actual
2023-11-17,6382.939777156801,Actual
2023-11-18,7137.5462396641415,Actual
2023-11-19,7088.18033559043,Actual
2023-11-20,6296.6166083864755,Actual
2023-11-21,6244.322778108777,Actual
2023-11-22,6207.240039562615,Actual
2023-11-23,6086.735092955636,Actual
2023-11-24,5982.7798423397135,Actual
2023-11-25,6649.448503404706,Actual
2023-11-26,6514.928562347599,Actual
2023-11-27,5642.7355277779725,Actual
2023-11-28,5515.988053631166,Actual
2023-11-29,5412.149708309067,Actual
2023-11-30,5233.945891668751,Actual
2023-12-01,5082.512696490904,Actual
2023-12-02,5712.868200269151,Actual
2023-12-03,5553.903237164928,Actual
2023-12-04,4669.582048969547,Actual
2023-12-05,4543.209687512736,Actual
2023-12-06,4452.172569223985,Actual
2023-12-07,4298.860637950297,Actual
2023-12-08,4183.827718695485,Actual
2023-12-09,4861.280172885747,Actual
2023-12-10,4759.090379929601,Actual
2023-12-11,3940.024784422456,Actual
2023-12-12,3886.0426065040865,Actual
2023-12-13,3873.070747731148,Actual
2023-12-14,3801.9624110186373,Actual
2023-12-15,3771.6950367841737,Actual
2023-12-16,4534.896669202128,Actual
2023-12-17,4517.89629182297,Actual
2023-12-18,3781.9869241751203,Actual
2023-12-19,3807.756692383092,Actual
2023-12-20,3869.892608195317,Actual
2023-12-21,3868.163884670833,Actual
2023-12-22,3900.6398252523204,Actual
2023-12-23,4719.230974006791,Actual
2023-12-24,4749.748789248656,Actual
2023-12-25,4053.1725100619888,Actual
2023-12-26,4109.978462923974,Actual
2023-12-27,4194.936730346528,Actual
2023-12-28,4208.082343272151,Actual
2023-12-29,4247.916502191444,Actual
2023-12-30,5066.927102714278,Actual
2023-12-31,5091.624517256068,Actual
2024-01-01,4383.782072342611,Actual
2024-01-02,4424.73729632437,Actual
2024-01-03,4490.159720110481,Actual
2024-01-04,4480.993261338169,Actual
2024-01-05,4496.6295485298315,Actual
2024-01-06,5290.402270982921,Actual
2024-01-07,5289.599251536815,Actual
2024-01-08,4556.682341818259,Actual
2024-01-09,4573.571770964104,Actual
2024-01-10,4616.401167954469,Actual
2024-01-11,4586.451594853725,Actual
2024-01-12,4583.321116406757,Actual
2024-01-13,5360.420018751281,Actual
2024-01-14,5344.988260210574,Actual
2024-01-15,4599.325002894495,Actual
2024-01-16,4605.086479773125,Actual
2024-01-17,4638.057910143769,Actual
2024-01-18,4599.107230875188,Actual
2024-01-19,4587.3764671661265,Actual
2024-01-20,5355.800130226066,Actual
2024-01-21,5331.146445762298,Actual
2024-01-22,4575.270470102689,Actual
2024-01-23,4569.434562678672,Actual
2024-01-24,4589.101188678471,Actual
2024-01-25,4534.905097019355,Actual
2024-01-26,4505.860100043376,Actual
2024-01-27,5254.889301120425,Actual
2024-01-28,5208.874157018199,Actual
2024-01-29,4429.911134057536,Actual
2024-01-30,4399.631259569718,Actual
2024-01-31,4393.987511051736,Actual
2024-02-01,4314.217193432328,Actual
2024-02-02,4260.034770258625,Actual
2024-02-03,4985.1443615041035,Actual
2024-02-04,4917.267778219908,Actual
2024-02-05,4119.377439367896,Actual
2024-02-06,4073.990144899177,Actual
2024-02-07,4057.927386858508,Actual
2024-02-08,3973.2501341296447,Actual
2024-02-09,3920.4243649029077,Actual
2024-02-10,4653.807367901464,Actual
2024-02-11,4601.65146758945,Actual
2024-02-12,3827.31525804183,Actual
2024-02-13,3813.5389916191143,Actual
2024-02-14,3837.1903900028556,Actual
2024-02-15,3800.189295518319,Actual
2024-02-16,3802.6678016830792,Actual
2024-02-17,4598.456120764651,Actual
2024-02-18,4615.09094501252,Actual
2024-02-19,3915.03634908197,Actual
2024-02-20,3979.9737045508473,Actual
2024-02-21,4085.566565211353,Actual
2024-02-22,4132.408506586216,Actual
2024-02-23,4219.21001025325,Actual
2024-02-24,5098.314003120162,Actual
2024-02-25,5195.736079024469,Actual
2024-02-26,4572.418658744007,Actual
2024-02-27,4708.5547273365055,Actual
2024-02-28,4878.386257098617,Actual
2024-02-29,4981.184454014105,Actual
2024-03-01,5114.467099840839,Actual
2024-03-02,6029.541830801611,Actual
2024-03-03,6151.570680641114,Actual
2024-03-04,5540.844532506435,Actual
2024-03-05,5677.122611048075,Actual
2024-03-06,5834.441732453036,Actual
2024-03-07,5912.102186666403,Actual
2024-03-08,6007.8853934730105,Actual
2024-03-09,6873.592178854021,Actual
2024-03-10,6935.097139620914,Actual
2024-03-11,6253.608011304373,Actual
2024-03-12,6309.985563241413,Actual
2024-03-13,6379.529241946797,Actual
2024-03-14,6362.944762862127,Actual
2024-03-15,6359.505842050074,Actual
2024-03-16,7122.586914979647,Actual
2024-03-17,7079.675832799758,Actual
2024-03-18,6293.599883255545,Actual
2024-03-19,6246.812735487283,Actual
2024-03-20,6216.148309059819,Actual
2024-03-21,6103.749778498102,Actual
2024-03-22,6010.230211288455,Actual
2024-03-23,6690.155025718188,Actual
2024-03-24,6572.043025914443,Actual
2024-03-25,5719.576134964701,Actual
2024-03-26,5615.87444283861,Actual
2024-03-27,5538.242743177701,Actual
2024-03-28,5389.096824110185,Actual
2024-03-29,5269.1259461159125,Actual
2024-03-30,5932.781513926983,Actual
2024-03-31,5808.288413276607,Actual
2024-04-01,4958.868749948583,Actual
2024-04-02,4867.034139904002,Actual
2024-04-03,4809.352186998694,Actual
2024-04-04,4687.394822293682,Actual
2024-04-05,4600.924310759595,Actual
2024-04-06,5303.406286912444,Actual
2024-04-07,5222.045644644701,Actual
2024-04-08,4419.034390610564,Actual
2024-04-09,4375.867016022554,Actual
2024-04-10,4368.12847893446,Actual
2024-04-11,4296.461989593825,Actual
2024-04-12,4259.771997581288,Actual
2024-04-13,5010.7514185975,Actual
2024-04-14,4975.92869216135,Actual
2024-04-15,4216.9236388447425,Actual
2024-04-16,4214.767625339491,Actual
2024-04-17,4244.693174929329,Actual
2024-04-18,4207.100349156067,Actual
2024-04-19,4200.755513109105,Actual
2024-04-20,4978.311807413836,Actual
2024-04-21,4966.347263767451,Actual
2024-04-22,4226.6099262912885,Actual
2024-04-23,4240.3259149488185,Actual
2024-04-24,4282.976016920653,Actual
2024-04-25,4255.2485859184735,Actual
2024-04-26,4256.224807895907,Actual
2024-04-27,5038.886080690824,Actual
2024-04-28,5030.139834923222,Actual
2024-04-29,4292.05350411029,Actual
2024-04-30,4306.152871783173,Actual
2024-05-01,4348.190611876845,Actual
2024-05-02,4319.092966216963,Actual
2024-05-03,4318.140712387304,Actual
2024-05-04,5098.474194444416,Actual
2024-05-05,5087.118700837598,Actual
2024-05-06,4346.219790285313,Actual
2024-05-07,4357.3446279115915,Actual
2024-05-08,4396.254931706045,Actual
2024-05-09,4363.859215208848,Actual
2024-05-10,4359.400190319587,Actual
2024-05-11,5135.966792781261,Actual
2024-05-12,5120.539283503779,Actual
2024-05-13,4375.194270595686,Actual
2024-05-14,4381.450289372169,Actual
2024-05-15,4415.034382537567,Actual
2024-05-16,4376.839559227406,Actual
2024-05-17,4366.116303706622,Actual
2024-05-18,5135.987438768459,Actual
2024-05-19,5113.482203990608,Actual
2024-05-20,4360.778782946081,Actual
2024-05-21,4359.511044584243,Actual
2024-05-22,4385.544880518568,Actual
2024-05-23,4339.931691144307,Actual
2024-05-24,4322.094839961919,Actual
2024-05-25,5085.338582941565,Actual
2024-05-26,5056.8755682648725,Actual
2024-05-27,4299.062400243965,Actual
2024-05-28,4293.699307483251,Actual
2024-05-29,4316.799576767525,Actual
2024-05-30,4269.536580324185,Actual
2024-05-31,4251.4244755755035,Actual
2024-06-01,5015.822319596547,Actual
2024-06-02,4989.957896274836,Actual
2024-06-03,4236.160912587634,Actual
2024-06-04,4236.161720702046,Actual
2024-06-05,4265.861293862359,Actual
2024-06-06,4226.2802973672815,Actual
2024-06-07,4216.743293899922,Actual
2024-06-08,4990.387733194098,Actual
2024-06-09,4974.193882225612,Actual
2024-06-10,4230.225165768257,Actual
2024-06-11,4239.934848518013,Actual
2024-06-12,4278.944530201869,Actual
2024-06-13,4248.002015631051,Actual
2024-06-14,4246.174306434228,Actual
2024-06-15,5026.365068522242,Actual
2024-06-16,5015.3524422538085,Actual
2024-06-17,4275.0363924210305,Actual
2024-06-18,4286.751282533054,Actual
2024-06-19,4326.048932483495,Actual
2024-06-20,4293.659551231009,Actual
2024-06-21,4288.686168862894,Actual
2024-06-22,5064.121852276263,Actual
2024-06-23,5046.885556971473,Actual
2024-06-24,4299.065853896286,Actual
2024-06-25,4302.228313074043,Actual
2024-06-26,4332.191952978121,Actual
2024-06-27,4289.982345399923,Actual
2024-06-28,4275.017240246947,Actual
2024-06-29,5040.6142690437055,Actual
2024-06-30,5014.01687989239,Actual
2024-07-01,4257.628058947832,Actual
2024-07-02,4253.30794214593,Actual
2024-07-03,4277.1410430832275,Actual
2024-07-04,4230.380988526393,Actual
2024-07-05,4212.628902222205,Actual
2024-07-06,4977.3352373356565,Actual
2024-07-07,4951.821408805895,Actual
2024-07-08,4198.510929391816,Actual
2024-07-09,4199.232806894279,Actual
2024-07-10,4229.970161745107,Actual
2024-07-11,4191.827533728933,Actual
2024-07-12,4184.207329800883,Actual
2024-07-13,4960.317871294321,Actual
2024-07-14,4947.202634410672,Actual
2024-07-15,4206.980143154103,Actual
2024-07-16,4221.150427323764,Actual
2024-07-17,4265.373490948017,Actual
2024-07-18,4240.427320754545,Actual
2024-07-19,4245.401143838647,Actual
2024-07-20,5033.213247032492,Actual
2024-07-21,5030.64918104218,Actual
2024-07-22,4299.609501490528,Actual
2024-07-23,4321.422687394055,Actual
2024-07-24,4371.628454376065,Actual
2024-07-25,4350.938816695989,Actual
2024-07-26,4358.432490561256,Actual
2024-07-27,5147.071898200043,Actual
2024-07-28,5143.738608945596,Actual
2024-07-29,4410.476449593896,Actual
2024-07-30,4428.798069623912,Actual
2024-07-31,4474.460385134497,Actual
2024-08-01,4448.416517396574,Actual
2024-08-02,4450.000127930901,Actual
2024-08-03,5232.431757067955,Actual
2024-08-04,5222.843376875066,Actual
2024-08-05,4483.510780408011,Actual
2024-08-06,4496.149985004417,Actual
2024-08-07,4536.683454948207,Actual
2024-08-08,4506.18411723383,Actual
2024-08-09,4504.053394178604,Actual
2024-08-10,5283.523134082867,Actual
2024-08-11,5271.677867317868,Actual
2024-08-12,4530.687159936866,Actual
2024-08-13,4542.104319776366,Actual
2024-08-14,4581.637260197327,Actual
2024-08-15,4550.099415792442,Actual
2024-08-16,4546.596775434922,Actual
2024-08-17,5324.040679738169,Actual
2024-08-18,5309.182505764184,Actual
2024-08-19,4563.859644212406,Actual
2024-08-20,4569.308604617473,Actual
2024-08-21,4600.95059397988,Actual
2024-08-22,4559.356976415319,Actual
2024-08-23,4543.4501802497925,Actual
2024-08-24,5306.029203956487,Actual
2024-08-25,5273.815367055982,Actual
2024-08-26,4508.707269079657,Actual
2024-08-27,4492.100399450394,Actual
2024-08-28,4499.676414263786,Actual
2024-08-29,4432.3692334583575,Actual
2024-08-30,4389.563356353805,Actual
2024-08-31,5124.613471836006,Actual
2024-09-01,5064.88103286533,Actual
2024-09-02,4272.976882900481,Actual
2024-09-03,4231.065601896897,Actual
2024-09-04,4215.636909399118,Actual
2024-09-05,4128.453124726003,Actual
2024-09-06,4069.7213991679237,Actual
2024-09-07,4793.594707092197,Actual
2024-09-08,4728.183529744422,Actual
2024-09-09,3936.7751461545995,Actual
2024-09-10,3902.1154352052176,Actual
2024-09-11,3901.159198076173,Actual
2024-09-12,3835.9972191480274,Actual
2024-09-13,3807.0165699882273,Actual
2024-09-14,4568.384350847206,Actual
2024-09-15,4548.051636766987,Actual
2024-09-16,3808.9677604085546,Actual
2024-09-17,3833.3615594987878,Actual
2024-09-18,3897.4957720471584,Actual
2024-09-19,3902.6028485939837,Actual
2024-09-20,3948.0586098723584,Actual
2024-09-21,4786.883739611728,Actual
2024-09-22,4845.769548940675,Actual
2024-09-23,4186.317694001601,Actual
2024-09-24,4289.349913935173,Actual
2024-09-25,4429.693314423748,Actual
2024-09-26,4507.148726486069,Actual
2024-09-27,4619.6977665522345,Actual
2024-09-28,5519.037742667535,Actual
2024-09-29,5630.639978265573,Actual
2024-09-30,5015.020372944489,Actual
2024-10-01,5152.077431623649,Actual
2024-10-02,5315.902501048569,Actual
2024-10-03,5405.769028855579,Actual
2024-10-04,5519.355849135734,Actual
2024-10-05,6408.293128142692,Actual
2024-10-06,6498.2261568482,Actual
2024-10-07,5850.085564275304,Actual
2024-10-08,5944.419085286862,Actual
2024-10-09,6056.189677316277,Actual
2024-10-10,6085.747010659544,Actual
2024-10-11,6132.027696474971,Actual
2024-10-12,6948.073389802503,Actual
2024-10-13,6961.062590122186,Actual
2024-10-14,6233.545466220165,Actual
2024-10-15,6247.737690749311,Actual
2024-10-16,6280.2790079699425,Actual
2024-10-17,6233.164542250789,Actual
2024-10-18,6206.905222945198,Actual
2024-10-19,6956.007476526413,Actual
2024-10-20,6908.9689975842775,Actual
2024-10-21,6129.480863528469,Actual
2024-10-22,6100.692840472573,Actual
2024-10-23,6099.948366089386,Actual
2024-10-24,6029.697858951512,Actual
2024-10-25,5990.6472331941095,Actual
2024-10-26,6737.232119736034,Actual
2024-10-27,6697.614792561267,Actual
2024-10-28,5934.894082236812,Actual
2024-10-29,5931.384970122681,Actual
2024-10-30,5963.3740266616305,Actual
2024-10-31,5932.058859699973,Actual
2024-11-01,5936.727818695143,Actual
2024-11-02,6730.26968939841,Actual
2024-11-03,6739.210564642241,Actual
2024-11-04,6024.961859713424,Actual
2024-11-05,6068.145807826351,Actual
2024-11-06,6143.392837885483,Actual
2024-11-07,6150.3232500472395,Actual
2024-11-08,6186.767292300537,Actual
2024-11-09,7004.312343034727,Actual
2024-11-10,7028.372359423947,Actual
2024-11-11,6319.468040593736,Actual
2024-11-12,6357.572618703527,Actual
2024-11-13,6416.927760788266,Actual
2024-11-14,6397.036210077824,Actual
2024-11-15,6395.886059410015,Actual
2024-11-16,7165.495257261266,Actual
2024-11-17,7131.971578917851,Actual
2024-11-18,6356.7767594789575,Actual
2024-11-19,6321.050118083605,Actual
2024-11-20,6300.3967296755245,Actual
2024-11-21,6195.84748855679,Actual
2024-11-22,6107.046794774975,Actual
2024-11-23,6787.757402916321,Actual
2024-11-24,6665.878680569714,Actual
2024-11-25,5804.66803659005,Actual
2024-11-26,5687.021932657473,Actual
2024-11-27,5590.222610533046,Actual
2024-11-28,5416.858919039409,Actual
2024-11-29,5267.977948078594,Actual
2024-11-30,5898.557896578346,Actual
2024-12-01,5737.499197085401,Actual
2024-12-02,4848.824300891192,Actual
2024-12-03,4715.943033041037,Actual
2024-12-04,4616.389985556569,Actual
2024-12-05,4452.742500940102,Actual
2024-12-06,4325.7759504850055,Actual
2024-12-07,4989.9465619332495,Actual
2024-12-08,4873.398483347414,Actual
2024-12-09,4039.1849981807864,Actual
2024-12-10,3969.5601733720873,Actual
2024-12-11,3940.746660742573,Actual
2024-12-12,3853.8873565976664,Actual
2024-12-13,3808.236701413618,Actual
2024-12-14,4556.680901860228,Actual
2024-12-15,4525.782766786146,Actual
2024-12-16,3777.040081373309,Actual
2024-12-17,3791.2128416066207,Actual
2024-12-18,3843.1241667521754,Actual
2024-12-19,3832.641773174045,Actual
2024-12-20,3857.895072256444,Actual
2024-12-21,4670.816576653315,Actual
2024-12-22,4697.202844426674,Actual
2024-12-23,3997.983570259923,Actual
2024-12-24,4053.5539847423597,Actual
2024-12-25,4138.575374661657,Actual
2024-12-26,4152.950757295484,Actual
2024-12-27,4195.031069415553,Actual
2024-12-28,5017.140991004259,Actual
2024-12-29,5045.620192907338,Actual
2024-12-30,4342.0692834874,Actual
2024-12-31,4387.656368626908,Actual
2025-01-01,4457.889846676895,Actual
2025-01-02,4453.565339555562,Actual
2025-01-03,4473.94297633827,Actual
2025-01-04,5272.245014225898,Actual
2025-01-05,5275.6704074142835,Actual
2025-01-06,4546.616362581122,Actual
2025-01-07,4566.963477286338,Actual
2025-01-08,4612.8306733049185,Actual
2025-01-09,4585.508281120799,Actual
2025-01-10,4584.6258457381255,Actual
2025-01-11,5363.644835908304,Actual
2025-01-12,5349.8729312024325,Actual
2025-01-13,4605.689846525596,Actual
2025-01-14,4612.841072989186,Actual
2025-01-15,4647.205399319992,Actual
2025-01-16,4609.744102936124,Actual
2025-01-17,4599.687809383653,Actual
2025-01-18,5370.0505440905035,Actual
2025-01-19,5347.666926280832,Actual
2025-01-20,4594.441695532115,Actual
2025-01-21,4591.667159649842,Actual
2025-01-22,4614.813640247316,Actual
2025-01-23,4564.500043417568,Actual
2025-01-24,4539.699841369286,Actual
2025-01-25,5293.271346075582,Actual
2025-01-26,5252.007671086844,Actual
2025-01-27,4477.895123820391,Actual
2025-01-28,4452.435287832766,Actual
2025-01-29,4451.435670944206,Actual
2025-01-30,4375.975980971607,Actual
2025-01-31,4325.6053861733,Actual
2025-02-01,5053.859847801763,Actual
2025-02-02,4988.295256460937,Actual
2025-02-03,4191.725569970502,Actual
2025-02-04,4146.521774205398,Actual
2025-02-05,4129.37719555319,Actual
2025-02-06,4042.246951313965,Actual
2025-02-07,3985.517670978501,Actual
2025-02-08,4713.497380430436,Actual
2025-02-09,4654.4220912803075,Actual
2025-02-10,3871.6690860507815,Actual
2025-02-11,3848.03347343329,Actual
2025-02-12,3860.474233099213,Actual
2025-02-13,3811.038145446758,Actual
2025-02-14,3800.0182487735456,Actual
2025-02-15,4581.437111338169,Actual
2025-02-16,4583.051730084658,Actual
2025-02-17,3867.5701824731905,Actual
2025-02-18,3916.9366032464786,Actual
2025-02-19,4007.090564599667,Actual
2025-02-20,4038.9089790803264,Actual
2025-02-21,4111.386763665796,Actual
2025-02-22,4977.146031317621,Actual
2025-02-23,5062.469997438088,Actual
2025-02-24,4428.551017032401,Actual
2025-02-25,4555.808546553834,Actual
2025-02-26,4718.682284970249,Actual
2025-02-27,4816.607765486494,Actual
2025-02-28,4947.229787396613,Actual
2025-03-01,5861.942627097602,Actual
2025-03-02,5985.9524321828985,Actual
2025-03-03,5379.550495623838,Actual
2025-03-04,5522.452568768994,Actual
2025-03-05,5688.608932843754,Actual
2025-03-06,5777.192079458076,Actual
2025-03-07,5885.817093575036,Actual
2025-03-08,6766.083513773578,Actual
2025-03-09,6843.6340451511005,Actual
2025-03-10,6179.418928729541,Actual
2025-03-11,6254.021364632741,Actual
2025-03-12,6342.449071759491,Actual
2025-03-13,6345.099311301119,Actual
2025-03-14,6360.953044796005,Actual
2025-03-15,7143.087663017734,Actual
2025-03-16,7118.7043885867115,Actual
2025-03-17,6350.359929891487,Actual
2025-03-18,6320.258582950841,Actual
2025-03-19,6305.010667340011,Actual
2025-03-20,6206.565410299451,Actual
2025-03-21,6125.3746991816015,Actual
2025-03-22,6815.877831869266,Actual
2025-03-23,6706.503987858445,Actual
2025-03-24,5860.882528958727,Actual
2025-03-25,5762.1177566781735,Actual
2025-03-26,5687.534332598497,Actual
2025-03-27,5539.601679341588,Actual
2025-03-28,5419.093866163439,Actual
2025-03-29,6080.575073285708,Actual
2025-03-30,5952.407206322781,Actual
2025-03-31,5097.969509152648,Actual
2025-04-01,4999.9464419523165,Actual
2025-04-02,4935.089582684165,Actual
2025-04-03,4805.16134790225,Actual
2025-04-04,4710.116457659486,Actual
2025-04-05,5403.610618695924,Actual
2025-04-06,5313.032354704913,Actual
2025-04-07,4500.747184797593,Actual
2025-04-08,4448.409782870263,Actual
2025-04-09,4431.749272119162,Actual
2025-04-10,4351.534892523084,Actual
2025-04-11,4306.7774676429835,Actual
2025-04-12,5050.255718395275,Actual
2025-04-13,5008.563007293582,Actual
2025-04-14,4243.363457494519,Actual
2025-04-15,4235.712915041561,Actual
2025-04-16,4260.849838560364,Actual
2025-04-17,4219.163377047191,Actual
2025-04-18,4209.394173917075,Actual
2025-04-19,4984.157139343885,Actual
2025-04-20,4969.982042697324,Actual
2025-04-21,4228.5612010224295,Actual
2025-04-22,4241.060114803929,Actual
2025-04-23,4282.896555979362,Actual
2025-04-24,4254.6958133924,Actual
2025-04-25,4255.478087938065,Actual
2025-04-26,5038.167728772699,Actual
2025-04-27,5029.620593461196,Actual
2025-04-28,4291.859208062235,Actual
2025-04-29,4306.371936223371,Actual
2025-04-30,4348.88196806635,Actual
2025-05-01,4320.294080294343,Actual
2025-05-02,4319.875340617685,Actual
2025-05-03,5100.759560058212,Actual
2025-05-04,5089.971818385958,Actual
2025-05-05,4349.6627123379485,Actual
2025-05-06,4361.408444163654,Actual
2025-05-07,4400.982409642203,Actual
2025-05-08,4369.306032717926,Actual
2025-05-09,4365.634771418927,Actual
2025-05-10,5143.068816120828,Actual
2025-05-11,5128.584499537453,Actual
2025-05-12,4384.275750294951,Actual
2025-05-13,4391.661389247142,Actual
2025-05-14,4426.463619986451,Actual
2025-05-15,4389.565174302039,Actual
2025-05-16,4380.2007817126305,Actual
2025-05-17,5151.47226796904,Actual
2025-05-18,5130.383131918191,Actual
2025-05-19,4379.0818140012125,Actual
2025-05-20,4379.1693916195545,Actual
2025-05-21,4406.47704511444,Actual
2025-05-22,4362.0208027028475,Actual
2025-05-23,4345.189334339692,Actual
2025-05-24,5109.254248756488,Actual
2025-05-25,5081.398935345717,Actual
2025-05-26,4323.9553916791565,Actual
2025-05-27,4318.705026467807,Actual
2025-05-28,4341.649053576887,Actual
2025-05-29,4293.956264982674,Actual
2025-05-30,4275.144229550319,Actual
2025-05-31,5038.58363626105,Actual
2025-06-01,5011.522065847075,Actual
2025-06-02,4256.3168432474795,Actual
2025-06-03,4254.733133854752,Actual
2025-06-04,4282.713027828623,Actual
2025-06-05,4241.323479676614,Actual
2025-06-06,4229.939176956648,Actual
2025-06-07,5001.750030259957,Actual
2025-06-08,4983.78948905934,Actual
2025-06-09,4238.173206103258,Actual
2025-06-10,4246.404037336893,Actual
2025-06-11,4284.148905302316,Actual
2025-06-12,4252.1951435885285,Actual
2025-06-13,4249.642121722351,Actual
2025-06-14,5029.4175525003075,Actual
2025-06-15,5018.314390349688,Actual
2025-06-16,4278.237551503667,Actual
2025-06-17,4290.51616531732,Actual
2025-06-18,4330.686630512069,Actual
2025-06-19,4299.453872312141,Actual
2025-06-20,4295.886418383713,Actual
2025-06-21,5072.934560738392,Actual
2025-06-22,5057.467428863483,Actual
2025-06-23,4311.518176482872,Actual
2025-06-24,4316.593018917284,Actual
2025-06-25,4348.4494784936,Actual
2025-06-26,4308.051371026123,Actual
2025-06-27,4294.756337828048,Actual
2025-06-28,5061.825420679383,Actual
2025-06-29,5036.450771708529,Actual
2025-06-30,4280.990995285046,Actual
2025-07-01,4277.270172014107,Actual
2025-07-02,4301.346243786515,Actual
2025-07-03,4254.456612098791,Actual
2025-07-04,4236.197060623887,Actual
2025-07-05,5000.023782940091,Actual
2025-07-06,4973.274858448447,Actual
2025-07-07,4218.400883556213,Actual
2025-07-08,4217.260969951094,Actual
2025-07-09,4245.889896594156,Actual
2025-07-10,4205.444317332439,Actual
2025-07-11,4195.384124569785,Actual
2025-07-12,4968.978679060823,Actual
2025-07-13,4953.33411946775,Actual
2025-07-14,4210.6312745085115,Actual
2025-07-15,4222.43015621746,Actual
2025-07-16,4264.446545476983,Actual
2025-07-17,4237.508263241635,Actual
2025-07-18,4240.746895915143,Actual
2025-07-19,5027.11434050396,Actual
2025-07-20,5023.4200374415395,Actual
2025-07-21,4291.578078399339,Actual
2025-07-22,4312.9198536162785,Actual
2025-07-23,4362.977468048755,Actual
2025-07-24,4342.445279945295,Actual
2025-07-25,4350.375140917906,Actual
2025-07-26,5139.694571236412,Actual
2025-07-27,5137.243668959731,Actual
2025-07-28,4405.0199367531795,Actual
2025-07-29,4424.486754286329,Actual
2025-07-30,4471.350854760271,Actual
2025-07-31,4446.516350682306,Actual
2025-08-01,4449.271136716313,Actual
2025-08-02,5232.795201662775,Actual
2025-08-03,5224.186987143157,Actual
2025-08-04,4485.697345759846,Actual
2025-08-05,4499.0272137264865,Actual
2025-08-06,4540.094749284749,Actual
2025-08-07,4509.9798673497025,Actual
2025-08-08,4508.10236316285,Actual
2025-08-09,5287.723488983493,Actual
2025-08-10,5275.9674084977,Actual
2025-08-11,4535.052313596749,Actual
2025-08-12,4546.58748588733,Actual
2025-08-13,4586.342150221509,Actual
2025-08-14,4555.19407020828,Actual
2025-08-15,4552.314018884031,Actual
2025-08-16,5330.675849778079,Actual
2025-08-17,5317.0883774540325,Actual
2025-08-18,4573.438564566405,Actual
2025-08-19,4581.001945662625,Actual
2025-08-20,4615.225727684936,Actual
2025-08-21,4576.692066237,Actual
2025-08-22,4564.317169497553,Actual
2025-08-23,5330.875457665493,Actual
2025-08-24,5303.0444890846165,Actual
2025-08-25,4542.659667105068,Actual
2025-08-26,4531.034205779925,Actual
2025-08-27,4543.749387882124,Actual
2025-08-28,4481.622267915223,Actual
2025-08-29,4443.906197998063,Actual
2025-08-30,5183.813213817469,Actual
2025-08-31,5128.553892758274,Actual
2025-09-01,4340.583696825421,Actual
2025-09-02,4301.911377628378,Actual
2025-09-03,4288.874676900901,Actual
2025-09-04,4203.0907730768495,Actual
2025-09-05,4144.637241565039,Actual
2025-09-06,4867.553038905275,Actual
2025-09-07,4799.855667459833,Actual
2025-09-08,4004.7641356007193,Actual
2025-09-09,3964.98393465394,Actual
2025-09-10,3957.459934282894,Actual
2025-09-11,3884.3053203160616,Actual
2025-09-12,3845.963002214023,Actual
2025-09-13,4596.689626389571,Actual
2025-09-14,4564.558925666678,Actual
2025-09-15,3812.6745232047715,Actual
2025-09-16,3823.44882884626,Actual
2025-09-17,3873.354245574264,Actual
2025-09-18,3863.85501355449,Actual
2025-09-19,3894.5762014341144,Actual
2025-09-20,4718.7999369368745,Actual
2025-09-21,4763.485434387832,Actual
2025-09-22,4090.5026378622615,Actual
2025-09-23,4180.935696659538,Actual
2025-09-24,4309.861956510549,Actual
2025-09-25,4377.314158922712,Actual
2025-09-26,4481.4816375895825,Actual
2025-09-27,5374.239815338074,Actual
2025-09-28,5481.203723016243,Actual
2025-09-29,4862.994496854741,Actual
2025-09-30,4999.574205937337,Actual
2025-10-01,5165.053848613639,Actual
2025-10-02,5258.681409515413,Actual
2025-10-03,5378.065031667078,Actual
2025-10-04,6274.719960169761,Actual
2025-10-05,6374.134438327603,Actual
2025-10-06,5737.043095131423,Actual
2025-10-07,5843.762894362408,Actual
2025-10-08,5968.996348969946,Actual
2025-10-09,6012.808909264047,Actual
2025-10-10,6073.835750525923,Actual
2025-10-11,6904.806939551183,Actual
2025-10-12,6932.5866296961685,Actual
2025-10-13,6219.415427381584,Actual
2025-10-14,6247.211725543421,Actual
2025-10-15,6292.337536485738,Actual
2025-10-16,6256.536644566044,Actual
2025-10-17,6240.101276061289,Actual
2025-10-18,6997.357272525351,Actual
2025-10-19,6956.66443274383,Actual
2025-10-20,6181.622163970479,Actual
2025-10-21,6155.337191167339,Actual
2025-10-22,6155.15974005038,Actual
2025-10-23,6083.596803740571,Actual
2025-10-24,6041.459364161008,Actual
2025-10-25,6783.334093914647,Actual
2025-10-26,6737.576593456378,Actual
2025-10-27,5967.516532758681,Actual
2025-10-28,5955.731506229948,Actual
2025-10-29,5978.795905457724,Actual
2025-10-30,5938.213138718459,Actual
2025-10-31,5933.587624214148,Actual
2025-11-01,6718.126485809857,Actual
2025-11-02,6718.667271180808,Actual
2025-11-03,5996.9212071144075,Actual
2025-11-04,6033.78784861347,Actual
2025-11-05,6104.146400896694,Actual
2025-11-06,6107.830971168636,Actual
2025-11-07,6142.845086077225,Actual
2025-11-08,6960.904322285061,Actual
2025-11-09,6987.502326670962,Actual
2025-11-10,6283.188762790393,Actual
2025-11-11,6327.91415335831,Actual
2025-11-12,6395.846125261156,Actual
2025-11-13,6386.363676394441,Actual
2025-11-14,6397.284314233659,Actual
2025-11-15,7180.412592161855,Actual
2025-11-16,7161.605171577898,Actual
2025-11-17,6402.04097484388,Actual
2025-11-18,6382.5516032504065,Actual
2025-11-19,6378.41690149088,Actual
2025-11-20,6290.332823397387,Actual
2025-11-21,6217.607130509172,Actual
2025-11-22,6913.672259167745,Actual
2025-11-23,6806.111400331689,Actual
2025-11-24,5957.8873554084585,Actual
2025-11-25,5851.630396157945,Actual
2025-11-26,5764.391091826803,Actual
2025-11-27,5598.566338935843,Actual
2025-11-28,5455.0551768457535,Actual
2025-11-29,6088.7347193517935,Actual
2025-11-30,5928.453158351305,Actual
2025-12-01,5038.230208240658,Actual
2025-12-02,4901.521897501518,Actual
2025-12-03,4795.9562047369045,Actual
2025-12-04,4624.2481513869025,Actual
2025-12-05,4487.3511447535775,Actual
2025-12-06,5139.934941565281,Actual
2025-12-07,5010.387057715656,Actual
2025-12-08,4162.02769714955,Actual
2025-12-09,4077.394654414685,Actual
2025-12-10,4033.004093754874,Actual
2025-12-11,3930.295097176212,Actual
2025-12-12,3868.8139505660306,Actual
2025-12-13,4601.727631971942,Actual
2025-12-14,4555.862365334824,Actual
2025-12-15,3792.9563205808863,Actual
2025-12-16,3793.9819201429127,Actual
2025-12-17,3833.942684877903,Actual
2025-12-18,3812.8515926253313,Actual
2025-12-19,3828.946074509727,Actual
2025-12-20,4634.228366528635,Actual
2025-12-21,4654.526449870191,Actual
2025-12-22,3950.7641635959194,Actual
2025-12-23,4003.2955972020623,Actual
2025-12-24,4086.708495955761,Actual
2025-12-25,4100.803608449565,Actual
2025-12-26,4143.805212930127,Actual
2025-12-27,4967.891801635534,Actual
2025-12-28,4999.242559066454,Actual
2025-12-29,4299.288748085135,Actual
2025-12-30,4349.02575241872,Actual
2025-12-31,4423.791241016206,Actual
2026-01-01,4424.217185446301,Forecast
2026-01-02,4449.41181412905,Forecast
2026-01-03,5252.461350511729,Forecast
2026-01-04,5260.448034335265,Forecast
2026-01-05,4535.674373675171,Forecast
2026-01-06,4559.950156836506,Forecast
2026-01-07,4609.348394810129,Forecast
2026-01-08,4585.138535713908,Forecast
2026-01-09,4586.953533584589,Forecast
2026-01-10,5368.280992013091,Forecast
2026-01-11,5356.475120388756,Forecast
2026-01-12,4613.97954858551,Forecast
2026-01-13,4622.617485235683,Forecast
2026-01-14,4658.355206994676,Forecast
2026-01-15,4622.246904010611,Forecast
2026-01-16,4613.617025453876,Forecast
2026-01-17,5385.569798648658,Forecast
2026-01-18,5365.022021348044,Forecast
2026-01-19,4613.948462894573,Forecast
2026-01-20,4613.6955994343925,Forecast
2026-01-21,4639.768883297474,Forecast
2026-01-22,4592.800781158679,Forecast
2026-01-23,4571.754954431771,Forecast
2026-01-24,5329.455528303039,Forecast
2026-01-25,5292.636886663682,Forecast
2026-01-26,4523.202751064943,Forecast
2026-01-27,4502.549792910395,Forecast
2026-01-28,4506.360619019691,Forecast
2026-01-29,4435.573131796378,Forecast
2026-01-30,4389.581537710794,Forecast
2026-01-31,5121.757987574295,Forecast
2026-02-01,5059.4904587987385,Forecast
2026-02-02,4265.425941800811,Forecast
2026-02-03,4221.774606198815,Forecast
2026-02-04,4205.08032378651,Forecast
2026-02-05,4117.165181094533,Forecast
2026-02-06,4058.3039638727396,Forecast
2026-02-07,4782.7183619440875,Forecast
2026-02-08,4718.587304267122,Forecast
2026-02-09,3929.2632975383603,Forecast
2026-02-10,3897.551243636017,Forecast
2026-02-11,3900.455877654397,Forecast
2026-02-12,3840.106167753597,Forecast
2026-02-13,3816.9132902887422,Forecast
2026-02-14,4585.052464682946,Forecast
2026-02-15,4572.46548298119,Forecast
2026-02-16,3842.074109434424,Forecast
2026-02-17,3876.06099504791,Forecast
2026-02-18,3950.624281243714,Forecast
2026-02-19,3966.9141273160167,Forecast
2026-02-20,4024.2075322994733,Forecast
2026-02-21,4875.411362800715,Forecast
2026-02-22,4947.089928672568,Forecast
2026-02-23,4300.70668184396,Forecast
2026-02-24,4416.935992425382,Forecast
2026-02-25,4570.450413346607,Forecast
2026-02-26,4660.8908536822855,Forecast
2026-02-27,4786.075187312062,Forecast
2026-02-28,5697.534357575121,Forecast
2026-03-01,5820.571485012821,Forecast
2026-03-02,5215.5327570435165,Forecast
2026-03-03,5362.145316875117,Forecast
2026-03-04,5534.3269050738945,Forecast
2026-03-05,5631.174112630071,Forecast
2026-03-06,5750.184321595978,Forecast
2026-03-07,6642.800065902047,Forecast
2026-03-08,6734.471121833859,Forecast
2026-03-09,6085.923044339872,Forecast
2026-03-10,6177.487439761836,Forecast
2026-03-11,6283.898934514325,Forecast
2026-03-12,6305.266031356407,Forecast
2026-03-13,6340.271378874208,Forecast
2026-03-14,7141.690740349855,Forecast
2026-03-15,7136.4266135300295,Forecast
2026-03-16,6386.745930270416,Forecast
2026-03-17,6374.577890806825,Forecast
2026-03-18,6376.2776870294065,Forecast
2026-03-19,6293.56411086449,Forecast
2026-03-20,6226.687366201086,Forecast
2026-03-21,6929.917131201271,Forecast
2026-03-22,6831.547531555068,Forecast
2026-03-23,5995.109093372884,Forecast
2026-03-24,5903.644285146978,Forecast
2026-03-25,5834.452859946793,Forecast
2026-03-26,5690.015342271528,Forecast
2026-03-27,5571.151211194822,Forecast
2026-03-28,6232.501940440025,Forecast
2026-03-29,6102.535550127952,Forecast
2026-03-30,5244.762615939842,Forecast
2026-03-31,5142.020111122747,Forecast
2026-04-01,5071.228956030511,Forecast
2026-04-02,4934.333192250807,Forecast
2026-04-03,4831.476828255101,Forecast
2026-04-04,5516.507950759948,Forecast
2026-04-05,5417.006145088421,Forecast
2026-04-06,4595.522531749973,Forecast
2026-04-07,4533.888146855115,Forecast
2026-04-08,4507.995902107059,Forecast
2026-04-09,4418.763428431479,Forecast
2026-04-10,4365.332279151366,Forecast
2026-04-11,5100.592572418516,Forecast
2026-04-12,5051.228670669424,Forecast
2026-04-13,4278.97483797399,Forecast
2026-04-14,4264.936323419952,Forecast
2026-04-15,4284.380918668113,Forecast
2026-04-16,4237.708200123773,Forecast
2026-04-17,4223.651931539282,Forecast
2026-04-18,4994.804796818114,Forecast
2026-04-19,4977.6612352938855,Forecast
2026-04-20,4233.86757103227,Forecast
2026-04-21,4244.535201249981,Forecast
2026-04-22,4285.02226316017,Forecast
2026-04-23,4255.891402268287,Forecast
2026-04-24,4256.099557866175,Forecast
2026-04-25,5038.50938853229,Forecast
2026-04-26,5029.91856171297,Forecast
2026-04-27,4292.296535880791,Forecast
2026-04-28,4307.085009191876,Forecast
2026-04-29,4349.967823384518,Forecast
2026-04-30,4321.818265544493,Forecast
2026-05-01,4321.879945213467,Forecast
2026-05-02,5103.271067282918,Forecast
2026-05-03,5093.008454268299,Forecast
2026-05-04,4353.241006279642,Forecast
2026-05-05,4365.548763218866,Forecast
2026-05-06,4405.713282278025,Forecast
2026-05-07,4374.667136139909,Forecast
2026-05-08,4371.6785175025425,Forecast
2026-05-09,5149.860532053948,Forecast
2026-05-10,5136.201258541607,Forecast
2026-05-11,4392.803963174804,Forecast
2026-05-12,4401.193316998722,Forecast
2026-05-13,4437.0930099963625,Forecast
2026-05-14,4401.3822559770015,Forecast
2026-05-15,4393.286881143896,Forecast
2026-05-16,5165.894314420631,Forecast
2026-05-17,5146.188331453459,Forecast
2026-05-18,4396.292757412223,Forecast
2026-05-19,4397.779845448241,Forecast
2026-05-20,4426.448646752084,Forecast
2026-05-21,4383.280844453318,Forecast
2026-05-22,4367.629778244111,Forecast
2026-05-23,5132.73206562043,Forecast
2026-05-24,5105.737809415903,Forecast
2026-05-25,4348.9487788809665,Forecast
2026-05-26,4344.120500737207,Forecast
2026-05-27,4367.233824674372,Forecast
2026-05-28,4319.443704108515,Forecast
2026-05-29,4300.261197593899,Forecast
2026-05-30,5063.058375312805,Forecast
2026-05-31,5035.092388738928,Forecast
2026-06-01,4278.738339420657,Forecast
2026-06-02,4275.787103292807,Forecast
2026-06-03,4302.21385850271,Forecast
2026-06-04,4259.125197779767,Forecast
2026-06-05,4245.9409227761225,Forecast
2026-06-06,5015.900245049686,Forecast
2026-06-07,4996.088638678963,Forecast
2026-06-08,4248.674914158573,Forecast
2026-06-09,4255.21455247744,Forecast
2026-06-10,4291.4248825188215,Forecast
2026-06-11,4258.1397758947405,Forecast
2026-06-12,4254.499714621141,Forecast
2026-06-13,5033.466687221069,Forecast
2026-06-14,5021.859871077974,Forecast
2026-06-15,4281.601375255123,Forecast
2026-06-16,4294.02778880324,Forecast
2026-06-17,4334.672835537651,Forecast
2026-06-18,4304.228548549365,Forecast
2026-06-19,4301.740589312949,Forecast
2026-06-20,5080.126974799822,Forecast
2026-06-21,5066.21602342463,Forecast
2026-06-22,4321.992697420661,Forecast
2026-06-23,4328.9090443874475,Forecast
2026-06-24,4362.6640525678495,Forecast
2026-06-25,4324.160402923206,Forecast
2026-06-26,4312.693866900647,Forecast
2026-06-27,5081.464787942887,Forecast
2026-06-28,5057.607677535242,Forecast
2026-06-29,4303.428361720986,Forecast
2026-06-30,4300.704669382691,Forecast
2026-07-01,4325.456286282807,Forecast
2026-07-02,4278.891578334683,Forecast
2026-07-03,4260.5874537509035,Forecast
2026-07-04,5023.992012780224,Forecast
2026-07-05,4996.4463060117105,Forecast
2026-07-06,4240.414897184219,Forecast
2026-07-07,4237.781442783443,Forecast
2026-07-08,4264.61508681838,Forecast
2026-07-09,4222.115595911437,Forecast
2026-07-10,4209.793368755736,Forecast
2026-07-11,4980.974073309598,Forecast
2026-07-12,4962.824176815304,Forecast
2026-07-13,4217.586949558997,Forecast
2026-07-14,4226.884983685877,Forecast
2026-07-15,4266.4948037578615,Forecast
2026-07-16,4237.30122854231,Forecast
2026-07-17,4238.487316948256,Forecast
2026-07-18,5023.049324399203,Forecast
2026-07-19,5017.832592347554,Forecast
2026-07-20,4284.77760538889,Forecast
2026-07-21,4305.231918087909,Forecast
2026-07-22,4354.733207882282,Forecast
2026-07-23,4333.970822614075,Forecast
2026-07-24,4341.981404497917,Forecast
2026-07-25,5131.667814062126,Forecast
2026-07-26,5129.837129966709,Forecast
2026-07-27,4398.446873796553,Forecast
2026-07-28,4418.915141891752,Forecast
2026-07-29,4466.899947230655,Forecast
2026-07-30,4443.255252903071,Forecast
2026-07-31,4447.219455379521,Forecast
2026-08-01,5231.925776160675,Forecast
2026-08-02,5224.430624444294,Forecast
2026-08-03,4486.949409648082,Forecast
2026-08-04,4501.155848337079,Forecast
2026-08-05,4542.950452301733,Forecast
2026-08-06,4513.406071867458,Forecast
2026-08-07,4511.946641055235,Forecast
2026-08-08,5291.848954436711,Forecast
2026-08-09,5280.263879664874,Forecast
2026-08-10,4539.446783922836,Forecast
2026-08-11,4551.0534653769455,Forecast
2026-08-12,4590.907460696675,Forecast
2026-08-13,4559.946717033094,Forecast
2026-08-14,4557.405814085065,Forecast
2026-08-15,5336.3235263673305,Forecast
2026-08-16,5323.5720105642185,Forecast
2026-08-17,4581.09719941011,Forecast
2026-08-18,4590.226423050609,Forecast
2026-08-19,4626.448792040885,Forecast
2026-08-20,4590.375935915624,Forecast
2026-08-21,4580.93884173958,Forecast
2026-08-22,5350.9101077581,Forecast
2026-08-23,5326.947402256672,Forecast
2026-08-24,4570.847209872591,Forecast
2026-08-25,4563.864398055834,Forecast
2026-08-26,4581.502676575934,Forecast
2026-08-27,4524.483124759579,Forecast
2026-08-28,4491.946168187965,Forecast
2026-08-29,5236.976026804929,Forecast
2026-08-30,5186.643212138165,Forecast
2026-08-31,4403.2540332661865,Forecast
2026-09-01,4368.6626179827745,Forecast
2026-09-02,4359.050595941491,Forecast
2026-09-03,4275.881793426064,Forecast
2026-09-04,4219.087595256985,Forecast
2026-09-05,4942.572363323793,Forecast
2026-09-06,4874.234942572841,Forecast
2026-09-07,4077.195741979094,Forecast
2026-09-08,4034.085486264762,Forecast
2026-09-09,4021.801420313198,Forecast
2026-09-10,3942.4389798149964,Forecast
2026-09-11,3896.4552576264755,Forecast
2026-09-12,4638.154320166189,Forecast
2026-09-13,4595.691040951686,Forecast
2026-09-14,3832.283527185942,Forecast
2026-09-15,3830.4907577803906,Forecast
2026-09-16,3866.961654471109,Forecast
2026-09-17,3843.363941970809,Forecast
2026-09-18,3859.549359182484,Forecast
2026-09-19,4669.04538916385,Forecast
2026-09-20,4699.070162736127,Forecast
2026-09-21,4011.7604711345693,Forecast
2026-09-22,4088.469237831426,Forecast
2026-09-23,4204.538279655051,Forecast
2026-09-24,4260.254206130223,Forecast
2026-09-25,4354.043407860008,Forecast
2026-09-26,5237.99560075606,Forecast
2026-09-27,5337.911807587747,Forecast
2026-09-28,4714.565885949981,Forecast
2026-09-29,4848.035094947393,Forecast
2026-09-30,5012.504664279639,Forecast
2026-10-01,5107.25336263501,Forecast
2026-10-02,5229.875202453836,Forecast
2026-10-03,6131.82599475874,Forecast
2026-10-04,6238.489964838465,Forecast
2026-10-05,5610.454969003888,Forecast
2026-10-06,5727.851355100379,Forecast
2026-10-07,5865.159113849679,Forecast
2026-10-08,5922.1901455519865,Forecast
2026-10-09,5997.300757699758,Forecast
2026-10-10,6842.923239812051,Forecast
2026-10-11,6885.612011714296,Forecast
2026-10-12,6187.293318675212,Forecast
2026-10-13,6229.574087361585,Forecast
2026-10-14,6288.515286216255,Forecast
2026-10-15,6265.57741948271,Forecast
2026-10-16,6260.7941636337255,Forecast
2026-10-17,7028.26395155381,Forecast
2026-10-18,6996.1560011797355,Forecast
2026-10-19,6227.92077783431,Forecast
2026-10-20,6206.561508900637,Forecast
2026-10-21,6209.373061262219,Forecast
2026-10-22,6138.856713854254,Forecast
2026-10-23,6095.867649086793,Forecast
2026-10-24,6835.0856730547475,Forecast
2026-10-25,6785.006235843262,Forecast
2026-10-26,6009.142169523935,Forecast
2026-10-27,5990.293032173394,Forecast
2026-10-28,6005.288470890586,Forecast
2026-10-29,5955.914067836759,Forecast
2026-10-30,5942.076254127111,Forecast
2026-10-31,6717.296397361066,Forecast
2026-11-01,6708.730574065418,Forecast
2026-11-02,5978.404742691569,Forecast
2026-11-03,6007.521378936945,Forecast
2026-11-04,6071.243056519543,Forecast
2026-11-05,6069.660427873279,Forecast
2026-11-06,6101.000126569971,Forecast
2026-11-07,6917.161608327528,Forecast
2026-11-08,6943.778355414533,Forecast
2026-11-09,6241.4921045850215,Forecast
2026-11-10,6290.2951634343635,Forecast
2026-11-11,6364.345386250459,Forecast
2026-11-12,6362.960460680405,Forecast
2026-11-13,6383.8463539421955,Forecast
2026-11-14,7178.648410176006,Forecast
2026-11-15,7173.020160216542,Forecast
2026-11-16,6427.898311680288,Forecast
2026-11-17,6423.838968289139,Forecast
2026-11-18,6435.819810354502,Forecast
2026-11-19,6364.215220747583,Forecast
2026-11-20,6307.999701685056,Forecast
2026-11-21,7020.268720538192,Forecast
2026-11-22,6928.272825578408,Forecast
2026-11-23,6094.654391189656,Forecast
2026-11-24,6001.743021696861,Forecast
2026-11-25,5926.315388230533,Forecast
2026-11-26,5770.527560318117,Forecast
2026-11-27,5635.076261176734,Forecast
2026-11-28,6274.679246364745,Forecast
2026-11-29,6118.071658005318,Forecast
2026-11-30,5229.208648970221,Forecast
2026-12-01,5091.531140226052,Forecast
2026-12-02,4982.70119762098,Forecast
2026-12-03,4805.515661430395,Forecast
2026-12-04,4661.054874721451,Forecast
2026-12-05,5304.156962897461,Forecast
2026-12-06,5163.414599371183,Forecast
2026-12-07,4302.384463710024,Forecast
2026-12-08,4203.866000294799,Forecast
2026-12-09,4144.65554991531,Forecast
2026-12-10,4026.4839272392173,Forecast
2026-12-11,3949.1936000510996,Forecast
2026-12-12,4666.245122125826,Forecast
2026-12-13,4604.74886670277,Forecast
2026-12-14,3826.7113160806994,Forecast
2026-12-15,3813.3515283212223,Forecast
2026-12-16,3839.8928569345644,Forecast
2026-12-17,3806.537018064846,Forecast
2026-12-18,3811.675726755256,Forecast
2026-12-19,4607.428689246072,Forecast
2026-12-20,4619.70322535943,Forecast
2026-12-21,3909.4641159221273,Forecast
2026-12-22,3957.0687644135105,Forecast
2026-12-23,4037.0723591379283,Forecast
2026-12-24,4049.20989172181,Forecast
2026-12-25,4091.610170540721,Forecast
2026-12-26,4916.330688987286,Forecast
2026-12-27,4949.408847490552,Forecast
2026-12-28,4252.118492632152,Forecast
2026-12-29,4305.287362232089,Forecast
2026-12-30,4384.0807378861655,Forecast
2026-12-31,4388.9588723482775,Forecast
